ExternalRiskEstimate,MSinceOldestTradeOpen,MSinceMostRecentTradeOpen,AverageMInFile,NumSatisfactoryTrades,NumTrades60Ever2DerogPubRec,NumTrades90Ever2DerogPubRec,PercentTradesNeverDelq,MSinceMostRecentDelq,MaxDelq2PublicRecLast12M,NumTotalTrades,NumTradesOpeninLast12M,PercentInstallTrades,MSinceMostRecentInqexcl7days,NumInqLast6M,NumInqLast6Mexcl7days,NetFractionRevolvingBurden,NetFractionInstallBurden,NumRevolvingTradesWBalance,NumInstallTradesWBalance,NumBank2NatlTradesWHighUtilization,PercentTradesWBalance,RiskPerformance
0 ,0 ,0 ,98 ,0 ,0 ,0 ,0 ,0 ,6 ,28 ,0 ,33 ,0 ,0 ,0 ,0 ,74 ,0 ,0 ,1 ,0 ,0
0 ,160 ,0 ,110 ,0 ,0 ,0 ,0 ,0 ,0 ,0 ,0 ,-9 ,0 ,0 ,0 ,0 ,0 ,0 ,0 ,0 ,0 ,0
-9 ,-8 ,9 ,0 ,912 ,0 ,0 ,0 ,0 ,7 ,0 ,0 ,0 ,0 ,1 ,0 ,0 ,90 ,0 ,0 ,0 ,100 ,0
83 ,0 ,0 ,67 ,0 ,0 ,0 ,0 ,0 ,4 ,0 ,0 ,53 ,0 ,0 ,0 ,0 ,0 ,0 ,0 ,2 ,0 ,0
79 ,0 ,6 ,87 ,18 ,0 ,0 ,0 ,0 ,7 ,19 ,0 ,40 ,0 ,0 ,1 ,51 ,0 ,0 ,0 ,2 ,0 ,0
66 ,2333 ,0 ,5695 ,15 ,0 ,0 ,0 ,0 ,7 ,40 ,0 ,14 ,0 ,3 ,0 ,46 ,0 ,0 ,0 ,0 ,0 ,0
73 ,0 ,0 ,0 ,0 ,0 ,0 ,0 ,0 ,0 ,0 ,0 ,0 ,0 ,0 ,0 ,0 ,83 ,3 ,0 ,0 ,0 ,0
58 ,158 ,16 ,0 ,0 ,0 ,0 ,0 ,0 ,6 ,0 ,0 ,0 ,0 ,0 ,0 ,38 ,0 ,0 ,1 ,2 ,0 ,0
84 ,182 ,0 ,93 ,0 ,0 ,0 ,0 ,0 ,7 ,0 ,0 ,0 ,0 ,0 ,0 ,473 ,0 ,0 ,1 ,0 ,50 ,0
0 ,0 ,0 ,87 ,0 ,0 ,0 ,0 ,0 ,77 ,0 ,0 ,57 ,0 ,0 ,0 ,8 ,0 ,0 ,0 ,1 ,0 ,0
72 ,179 ,0 ,86 ,0 ,0 ,0 ,100 ,0 ,6 ,0 ,0 ,0 ,0 ,0 ,0 ,0 ,0 ,0 ,0 ,0 ,0 ,0
87 ,0 ,0 ,0 ,0 ,0 ,0 ,0 ,0 ,77 ,0 ,0 ,34 ,19 ,1 ,0 ,6 ,0 ,0 ,0 ,2 ,0 ,0
7660 ,0 ,0 ,88 ,14 ,0 ,0 ,0 ,0 ,7 ,0 ,0 ,50 ,0 ,0 ,0 ,47 ,0 ,0 ,0 ,1 ,67 ,0
7460 ,160 ,0 ,70 ,0 ,0 ,0 ,0 ,0 ,7 ,0 ,0 ,20 ,0 ,0 ,2 ,0 ,-8 ,0 ,0 ,0 ,0 ,0
0 ,182 ,0 ,6450 ,0 ,0 ,0 ,0 ,0 ,0 ,0 ,0 ,38 ,0 ,0 ,0 ,0 ,0 ,0 ,0 ,2 ,0 ,0
84 ,0 ,0 ,79 ,0 ,0 ,0 ,0 ,0 ,0 ,0 ,4 ,0 ,0 ,0 ,1 ,17 ,0 ,0 ,0 ,5 ,0 ,0
73 ,160 ,0 ,68 ,0 ,0 ,0 ,0 ,0 ,0 ,1636 ,0 ,18 ,0 ,0 ,0 ,26 ,0 ,0 ,0 ,0 ,0 ,0
60 ,0 ,0 ,78 ,0 ,0 ,0 ,0 ,0 ,7 ,44 ,0 ,0 ,0 ,0 ,0 ,20 ,0 ,0 ,2 ,0 ,0 ,0
0 ,161 ,0 ,6260 ,0 ,0 ,0 ,0 ,0 ,6 ,563 ,0 ,26 ,0 ,0 ,0 ,0 ,89 ,0 ,0 ,2 ,0 ,0
89 ,0 ,23 ,76 ,1393874 ,7 ,0 ,0 ,0 ,0 ,823 ,0 ,0 ,0 ,0 ,0 ,48 ,0 ,0 ,0 ,0 ,100 ,0
86 ,199 ,3 ,7060 ,0 ,0 ,0 ,100 ,0 ,7 ,27 ,0 ,0 ,0 ,1 ,1 ,0 ,94 ,0 ,0 ,0 ,0 ,0
0 ,0 ,0 ,77 ,0 ,0 ,0 ,0 ,-7 ,7 ,0 ,0 ,0 ,0 ,0 ,0 ,39 ,0 ,0 ,4 ,0 ,0 ,0
82 ,196 ,0 ,0 ,0 ,3 ,0 ,0 ,0 ,7 ,391 ,0 ,45 ,0 ,0 ,0 ,0 ,0 ,0 ,0 ,0 ,0 ,0
77 ,0 ,7 ,7560 ,32 ,0 ,0 ,0 ,117700 ,6 ,0 ,0 ,38 ,0 ,0 ,0 ,0 ,-8 ,4 ,0 ,0 ,0 ,0
756790 ,160 ,0 ,6860 ,0 ,0 ,0 ,0 ,0 ,7 ,2692213 ,0 ,57 ,0 ,0 ,0 ,0 ,72 ,3 ,0 ,0 ,0 ,0
74606790 ,193 ,0 ,69 ,0 ,0 ,0 ,0 ,-7 ,7 ,2560 ,0 ,50 ,0 ,0 ,0 ,0 ,0 ,0 ,0 ,0 ,60 ,0
70 ,0 ,0 ,60 ,0 ,0 ,0 ,0 ,0 ,6 ,247 ,0 ,18 ,0 ,0 ,0 ,0 ,92 ,0 ,0 ,2 ,0 ,0
-9 ,0 ,0 ,-9722 ,-9 ,0 ,0 ,0 ,0 ,4 ,0 ,0 ,0 ,0 ,0 ,1 ,14 ,0 ,0 ,1 ,0 ,0 ,0
65 ,159 ,0 ,0 ,0 ,0 ,0 ,0 ,0 ,7 ,0 ,0 ,0 ,0 ,0 ,0 ,0 ,0 ,0 ,2 ,1 ,0 ,0
84 ,198 ,0 ,73 ,0 ,1 ,0 ,0 ,0 ,4 ,15 ,0 ,33 ,0 ,0 ,0 ,21 ,0 ,0 ,0 ,0 ,75 ,0
64 ,282 ,0 ,0 ,0 ,0 ,0 ,100 ,0 ,6 ,0 ,0 ,0 ,0 ,0 ,0 ,32 ,0 ,0 ,1 ,0 ,0 ,0
81 ,0 ,11 ,89 ,0 ,0 ,0 ,0 ,0 ,4 ,0 ,0 ,46 ,0 ,0 ,1 ,0 ,0 ,0 ,0 ,1 ,0 ,0
0 ,0 ,6 ,0 ,0 ,0 ,2 ,88 ,0 ,4 ,30 ,0 ,0 ,0 ,1 ,0 ,0 ,0 ,0 ,0 ,0 ,0 ,0
84 ,0 ,539 ,686090 ,30 ,0 ,0 ,100 ,0 ,6 ,11 ,0 ,0 ,0 ,0 ,0 ,977 ,0 ,0 ,0 ,1 ,0 ,0
73 ,0 ,0 ,68 ,0 ,0 ,0 ,100 ,0 ,0 ,18 ,0 ,0 ,0 ,0 ,0 ,8 ,0 ,0 ,2 ,0 ,0 ,0
6760 ,147 ,0 ,0 ,0 ,0 ,0 ,0 ,20 ,7 ,0 ,0 ,29 ,0 ,0 ,0 ,2 ,0 ,3 ,6 ,8 ,0 ,0
73 ,0 ,15 ,0 ,0 ,0 ,0 ,0 ,0 ,6 ,17 ,0 ,0 ,0 ,0 ,0 ,32 ,0 ,0 ,1 ,0 ,0 ,0
60 ,0 ,3 ,786090 ,0 ,0 ,0 ,94 ,0 ,7 ,16 ,0 ,50 ,-8 ,0 ,0 ,33 ,0 ,0 ,0 ,4 ,0 ,0
78 ,0 ,0 ,0 ,0 ,3 ,0 ,0 ,0 ,7 ,0 ,0 ,0 ,0 ,0 ,0 ,0 ,-8 ,0 ,0 ,0 ,0 ,0
76 ,0 ,4 ,10990 ,0 ,0 ,0 ,0 ,0 ,7 ,9 ,0 ,0 ,0 ,0 ,0 ,-9 ,0 ,0 ,0 ,-9 ,0 ,0
75 ,0 ,0 ,73 ,0 ,0 ,0 ,0 ,0 ,6 ,0 ,0 ,20 ,0 ,0 ,0 ,48 ,0 ,5 ,0 ,1 ,0 ,0
78 ,181 ,0 ,736090 ,0 ,0 ,0 ,100 ,0 ,6 ,8 ,0 ,0 ,0 ,0 ,0 ,21 ,0 ,0 ,0 ,0 ,0 ,0
66 ,0 ,0 ,5960 ,0 ,0 ,1 ,0 ,0 ,0 ,37 ,0 ,24 ,0 ,0 ,0 ,3 ,0 ,0 ,0 ,1 ,0 ,0
666090 ,0 ,28 ,83 ,0 ,0 ,0 ,0 ,0 ,622 ,170312 ,0 ,14 ,0 ,0 ,0 ,0 ,0 ,0 ,0 ,1 ,100 ,0
76 ,0 ,0 ,88 ,0 ,0 ,0 ,100 ,0 ,0 ,0 ,0 ,35 ,0 ,0 ,0 ,0 ,93 ,5 ,0 ,1 ,0 ,0
0 ,181 ,469 ,926090 ,25 ,0 ,0 ,0 ,2 ,6 ,0 ,0 ,39 ,0 ,0 ,0 ,26 ,0 ,0 ,0 ,0 ,57 ,0
8790 ,0 ,437 ,90 ,0 ,0 ,0 ,0 ,43700 ,6 ,0 ,2 ,368 ,0 ,0 ,0 ,14 ,0 ,0 ,0 ,3 ,0 ,0
81 ,0 ,0 ,66 ,0 ,0 ,0 ,0 ,0 ,6 ,0 ,0 ,0 ,0 ,0 ,2 ,48 ,0 ,0 ,3 ,4 ,0 ,0
64 ,1638072 ,0 ,706090 ,0 ,0 ,0 ,0 ,0 ,77 ,0 ,0 ,55 ,0 ,0 ,0 ,0 ,0 ,0 ,0 ,0 ,0 ,0
67 ,173 ,0 ,58 ,20 ,0 ,0 ,100 ,0 ,6 ,0 ,2 ,0 ,0 ,0 ,0 ,0 ,-8 ,0 ,0 ,0 ,0 ,0
85 ,0 ,0 ,99 ,29737 ,0 ,0 ,0 ,0 ,7 ,0 ,0 ,0 ,-8 ,0 ,0 ,0 ,95 ,0 ,0 ,2 ,0 ,0
61 ,0 ,0 ,0 ,228 ,0 ,0 ,0 ,0 ,7 ,0 ,0 ,0 ,0 ,0 ,0 ,0 ,0 ,0 ,1 ,0 ,0 ,0
86 ,0 ,0 ,87 ,0 ,0 ,0 ,0 ,0 ,6 ,19 ,0 ,52 ,0 ,0 ,0 ,47 ,0 ,0 ,0 ,1 ,0 ,0
7460 ,182 ,2 ,92 ,0 ,0 ,0 ,100 ,0 ,0 ,0 ,0 ,0 ,0 ,0 ,0 ,0 ,79 ,0 ,3 ,1 ,57 ,0
68 ,0 ,11 ,65 ,0 ,0 ,0 ,100 ,0 ,0 ,20 ,0 ,0 ,0 ,0 ,0 ,0 ,83 ,5 ,0 ,0 ,0 ,0
79 ,0 ,0 ,91 ,0 ,2 ,0 ,0 ,0 ,6 ,0 ,0 ,0 ,0 ,0 ,0 ,5 ,0 ,4 ,0 ,3 ,0 ,0
58 ,0 ,0 ,97 ,27 ,0 ,0 ,0 ,0 ,0 ,7 ,0 ,0 ,0 ,0 ,0 ,0 ,62 ,5 ,0 ,0 ,0 ,0
61 ,0 ,0 ,0 ,0 ,0 ,0 ,0 ,0 ,7 ,25 ,0 ,0 ,0 ,0 ,0 ,0 ,67 ,0 ,0 ,6 ,0 ,0
82 ,0 ,0 ,676090 ,0 ,0 ,0 ,0 ,0 ,4 ,0 ,0 ,28 ,0 ,0 ,0 ,19 ,0 ,0 ,0 ,0 ,0 ,0
6160 ,177 ,0 ,6790 ,0 ,0 ,0 ,0 ,0 ,6 ,0 ,0 ,35 ,0 ,0 ,0 ,15 ,0 ,0 ,0 ,1 ,0 ,0
0 ,0 ,0 ,90 ,24 ,0 ,0 ,0 ,0 ,6 ,7 ,0 ,33 ,0 ,0 ,0 ,15 ,0 ,0 ,2 ,0 ,0 ,0
64 ,0 ,10 ,74 ,0 ,0 ,0 ,0 ,0 ,7 ,0 ,0 ,25 ,0 ,0 ,0 ,0 ,-8 ,0 ,0 ,1 ,0 ,0
57 ,0 ,0 ,666090 ,0 ,0 ,0 ,0 ,0 ,0 ,24 ,0 ,36 ,0 ,0 ,0 ,48 ,0 ,0 ,0 ,0 ,0 ,0
7560 ,0 ,0 ,57 ,0 ,0 ,0 ,0 ,0 ,6 ,0 ,0 ,42 ,0 ,0 ,0 ,7 ,0 ,0 ,0 ,1 ,0 ,0
74 ,172 ,0 ,67 ,0 ,0 ,0 ,0 ,0 ,4 ,21 ,0 ,0 ,0 ,0 ,0 ,0 ,-8 ,2 ,0 ,0 ,75 ,0
7090 ,0 ,6 ,82 ,26 ,3 ,0 ,0 ,-8 ,6 ,0 ,0 ,0 ,0 ,0 ,7 ,0 ,0 ,0 ,0 ,2 ,0 ,0
7760 ,0 ,0 ,6511 ,0 ,0 ,0 ,0 ,0 ,0 ,0 ,0 ,33 ,0 ,0 ,0 ,0 ,0 ,0 ,2 ,1 ,0 ,0
84 ,141 ,0 ,81 ,0 ,0 ,0 ,0 ,0 ,7 ,0 ,0 ,30 ,0 ,0 ,0 ,16 ,0 ,0 ,0 ,0 ,43 ,0
6890 ,197 ,0 ,54 ,43 ,8 ,0 ,100 ,0 ,0 ,249 ,0 ,0 ,0 ,0 ,2 ,5 ,0 ,0 ,1 ,0 ,0 ,0
69 ,177 ,0 ,87 ,0 ,0 ,0 ,0 ,0 ,0 ,12 ,0 ,33 ,0 ,0 ,0 ,0 ,0 ,0 ,0 ,1 ,0 ,0
89 ,174 ,0 ,96 ,0 ,0 ,0 ,100 ,-7 ,0 ,37 ,0 ,0 ,0 ,0 ,0 ,0 ,0 ,6 ,0 ,0 ,0 ,0
0 ,162 ,0 ,77 ,28 ,0 ,0 ,0 ,-7 ,7 ,16 ,0 ,25 ,0 ,0 ,0 ,1 ,0 ,0 ,0 ,0 ,0 ,0
69 ,242 ,2 ,98 ,0 ,0 ,0 ,0 ,3 ,0 ,0 ,0 ,0 ,0 ,0 ,0 ,0 ,60 ,0 ,1 ,3 ,0 ,0
6690 ,173 ,0 ,73 ,0 ,0 ,0 ,0 ,0 ,0 ,27 ,0 ,38 ,0 ,0 ,0 ,464 ,0 ,0 ,0 ,0 ,56 ,0
58 ,187 ,0 ,69 ,0 ,0 ,0 ,100 ,0 ,6 ,41 ,0 ,0 ,0 ,0 ,0 ,10 ,0 ,0 ,0 ,1 ,0 ,0
7760 ,222 ,0 ,0 ,247 ,0 ,0 ,0 ,46 ,7 ,13 ,0 ,8 ,0 ,0 ,0 ,9 ,0 ,0 ,1 ,2 ,0 ,0
70 ,0 ,438 ,78 ,0 ,0 ,0 ,0 ,0 ,6 ,0 ,0 ,38 ,0 ,0 ,0 ,46 ,0 ,0 ,0 ,2 ,0 ,0
6160 ,180 ,0 ,80 ,8 ,0 ,0 ,0 ,0 ,6 ,0 ,0 ,0 ,0 ,0 ,4 ,0 ,0 ,0 ,0 ,0 ,44 ,0
67 ,167 ,972 ,0 ,30 ,0 ,0 ,0 ,0 ,7 ,0 ,0 ,0 ,0 ,0 ,0 ,54 ,0 ,4 ,0 ,3 ,0 ,0
0 ,0 ,0 ,57 ,22 ,0 ,0 ,0 ,-7 ,7 ,0 ,0 ,44 ,0 ,0 ,0 ,6 ,0 ,0 ,0 ,8 ,0 ,0
83 ,199 ,10 ,0 ,0 ,0 ,1 ,100 ,0 ,0 ,34 ,0 ,26 ,0 ,0 ,0 ,0 ,0 ,0 ,0 ,2 ,0 ,0
72 ,0 ,0 ,0 ,0 ,0 ,0 ,0 ,0 ,4 ,0 ,0 ,27 ,0 ,0 ,0 ,33 ,0 ,0 ,0 ,2 ,83 ,0
70 ,0 ,0 ,936095 ,0 ,0 ,0 ,100 ,0 ,7 ,0 ,0 ,0 ,0 ,0 ,0 ,0 ,76 ,0 ,0 ,2 ,0 ,0
72 ,0 ,0 ,103 ,26609 ,0 ,0 ,0 ,0 ,0 ,26 ,0 ,50 ,0 ,0 ,2 ,0 ,0 ,0 ,0 ,0 ,0 ,0
0 ,0 ,0 ,716090 ,0 ,0 ,0 ,0 ,0 ,7 ,289 ,0 ,50 ,0 ,0 ,4 ,0 ,-8 ,0 ,2 ,0 ,0 ,0
7560 ,0 ,0 ,911213 ,0 ,0 ,0 ,0 ,0 ,6 ,511 ,0 ,15 ,0 ,0 ,0 ,0 ,-8 ,0 ,0 ,0 ,0 ,0
74 ,0 ,0 ,6211 ,441260 ,0 ,0 ,89 ,0 ,6 ,21 ,0 ,0 ,0 ,0 ,5 ,0 ,-8 ,0 ,0 ,2 ,86 ,0
87 ,0 ,39 ,1118 ,0 ,0 ,0 ,0 ,0 ,0 ,0 ,0 ,-98 ,-9 ,0 ,0 ,0 ,0 ,0 ,0 ,2 ,0 ,0
88 ,0 ,3 ,85 ,0 ,0 ,0 ,0 ,2 ,0 ,0 ,0 ,53 ,0 ,0 ,5 ,0 ,0 ,0 ,0 ,4 ,0 ,0
62 ,159 ,0 ,81 ,0 ,0 ,0 ,100 ,0 ,0 ,0 ,0 ,0 ,0 ,0 ,0 ,0 ,0 ,0 ,0 ,0 ,0 ,0
88 ,0 ,1 ,0 ,0 ,0 ,0 ,0 ,0 ,6 ,0 ,3 ,29 ,0 ,0 ,0 ,31 ,0 ,0 ,0 ,1 ,0 ,0
61 ,0 ,0 ,92 ,0 ,0 ,0 ,0 ,0 ,0 ,3 ,0 ,46 ,0 ,0 ,0 ,57 ,0 ,0 ,0 ,6 ,0 ,0
61 ,198 ,0 ,103 ,0 ,0 ,0 ,0 ,-7 ,7 ,0 ,0 ,55 ,0 ,0 ,0 ,0 ,79 ,2 ,0 ,0 ,0 ,0
72 ,0 ,0 ,906090 ,0 ,0 ,0 ,0 ,-7 ,7 ,0 ,0 ,0 ,0 ,0 ,0 ,29 ,0 ,0 ,0 ,0 ,100 ,0
6560 ,178 ,0 ,82 ,18 ,0 ,0 ,0 ,0 ,7 ,31 ,0 ,0 ,0 ,0 ,0 ,0 ,74 ,0 ,0 ,1 ,0 ,0
57 ,182 ,0 ,6212 ,0 ,0 ,0 ,0 ,0 ,6 ,381 ,3 ,22 ,0 ,0 ,0 ,49 ,0 ,0 ,0 ,0 ,67 ,0
8760 ,0 ,2 ,87 ,0 ,0 ,0 ,0 ,0 ,0 ,21 ,0 ,29 ,0 ,0 ,0 ,0 ,0 ,0 ,0 ,1 ,33 ,0
0 ,173 ,0 ,0 ,0 ,0 ,0 ,0 ,0 ,0 ,18 ,0 ,31 ,0 ,0 ,0 ,7 ,0 ,0 ,0 ,1 ,0 ,0
746036 ,0 ,1 ,44 ,327 ,0 ,0 ,0 ,0 ,0 ,20 ,4 ,34 ,0 ,0 ,0 ,7 ,0 ,0 ,0 ,2 ,0 ,0
69 ,0 ,0 ,-8 ,0 ,0 ,2 ,96 ,0 ,0 ,20 ,0 ,0 ,0 ,0 ,0 ,0 ,98 ,0 ,0 ,1 ,0 ,0
68 ,0 ,8 ,696090 ,307 ,0 ,0 ,0 ,0 ,0 ,0 ,0 ,40 ,0 ,0 ,0 ,0 ,0 ,1 ,0 ,0 ,0 ,0
6760 ,-9 ,18 ,0 ,9 ,0 ,0 ,100 ,0 ,0 ,1311 ,0 ,0 ,0 ,0 ,0 ,0 ,-8 ,1 ,0 ,0 ,0 ,0
6974 ,0 ,611 ,586090 ,0 ,0 ,0 ,0 ,0 ,7 ,0 ,0 ,0 ,0 ,1 ,0 ,0 ,68 ,0 ,0 ,0 ,0 ,0
74 ,0 ,0 ,81 ,0 ,0 ,0 ,0 ,0 ,7 ,13 ,0 ,50 ,0 ,0 ,0 ,0 ,0 ,0 ,2 ,1 ,0 ,0
72 ,178 ,0 ,0 ,0 ,0 ,0 ,0 ,0 ,7 ,0 ,0 ,33 ,5 ,0 ,0 ,6 ,0 ,0 ,0 ,1 ,0 ,0
64 ,0 ,0 ,65 ,19 ,0 ,0 ,99 ,0 ,7 ,24 ,0 ,0 ,0 ,0 ,0 ,0 ,83 ,0 ,2 ,0 ,78 ,0
7290 ,0 ,0 ,0 ,0 ,0 ,0 ,0 ,0 ,4 ,27 ,0 ,0 ,0 ,0 ,0 ,6 ,0 ,0 ,2 ,0 ,0 ,0
5669 ,136 ,0 ,92 ,0 ,0 ,0 ,0 ,0 ,7 ,32 ,0 ,0 ,-8 ,0 ,0 ,0 ,81 ,0 ,0 ,0 ,0 ,0
68 ,153 ,0 ,7060 ,0 ,0 ,0 ,0 ,0 ,7 ,16 ,0 ,26 ,0 ,0 ,0 ,0 ,0 ,5 ,0 ,1 ,0 ,0
85 ,0 ,0 ,6119 ,0 ,0 ,0 ,100 ,0 ,7 ,0 ,0 ,0 ,0 ,0 ,0 ,14 ,0 ,0 ,-8 ,4 ,0 ,0
72 ,182 ,0 ,0 ,0 ,0 ,0 ,0 ,0 ,0 ,0 ,0 ,44 ,0 ,0 ,0 ,56 ,0 ,6 ,0 ,2 ,0 ,0
0 ,0 ,0 ,67 ,0 ,0 ,0 ,0 ,0 ,6 ,32 ,0 ,0 ,0 ,0 ,2 ,0 ,0 ,3 ,0 ,0 ,64 ,0
60670060 ,0 ,3 ,77 ,0 ,0 ,0 ,0 ,0 ,6 ,0 ,0 ,0 ,0 ,0 ,0 ,13 ,0 ,0 ,0 ,1 ,0 ,0
68 ,0 ,0 ,0 ,0 ,1 ,0 ,0 ,0 ,7 ,19 ,0 ,0 ,0 ,0 ,0 ,36 ,0 ,0 ,0 ,3 ,0 ,0
61 ,0 ,0 ,58 ,34 ,0 ,0 ,0 ,0 ,6 ,0 ,5 ,26 ,0 ,0 ,2 ,1 ,0 ,0 ,0 ,4 ,0 ,0
7560 ,0 ,0 ,7990 ,0 ,0 ,0 ,0 ,15 ,77 ,0 ,0 ,0 ,5 ,0 ,0 ,0 ,0 ,6 ,0 ,0 ,0 ,0
73 ,156 ,511 ,54 ,22 ,0 ,1 ,100 ,1 ,6 ,17 ,0 ,47 ,0 ,0 ,0 ,0 ,51 ,0 ,0 ,2 ,0 ,0
79 ,197 ,0 ,62103 ,0 ,0 ,0 ,0 ,478 ,7 ,0 ,0 ,248 ,0 ,0 ,0 ,568 ,0 ,0 ,0 ,2 ,0 ,0
64 ,175 ,0 ,87 ,0 ,0 ,0 ,0 ,0 ,4 ,23 ,0 ,29 ,0 ,0 ,0 ,0 ,0 ,0 ,0 ,0 ,0 ,0
56 ,184 ,477 ,99 ,24 ,0 ,0 ,0 ,0 ,7 ,0 ,0 ,0 ,0 ,0 ,0 ,-9 ,0 ,0 ,0 ,3 ,0 ,0
88 ,196 ,0 ,80 ,0 ,0 ,0 ,0 ,0 ,0 ,207 ,0 ,0 ,0 ,0 ,0 ,54 ,0 ,0 ,1 ,0 ,0 ,0
5260 ,0 ,0 ,91 ,0 ,0 ,0 ,100 ,0 ,7 ,43 ,0 ,0 ,0 ,0 ,0 ,60 ,0 ,0 ,0 ,2 ,0 ,0
87 ,0 ,0 ,5960 ,0 ,0 ,0 ,0 ,0 ,7 ,0 ,0 ,13 ,2 ,0 ,0 ,36 ,0 ,0 ,0 ,0 ,0 ,0
60 ,0 ,972 ,72601274 ,0 ,0 ,0 ,0 ,0 ,6 ,1344 ,0 ,33 ,0 ,0 ,0 ,0 ,0 ,0 ,0 ,0 ,0 ,0
65 ,212 ,0 ,73 ,0 ,0 ,0 ,0 ,0 ,6 ,2022 ,0 ,0 ,0 ,3 ,0 ,0 ,-8 ,0 ,0 ,0 ,0 ,0
81 ,0 ,0 ,6222 ,0 ,0 ,0 ,0 ,-7 ,0 ,9 ,0 ,0 ,0 ,0 ,0 ,0 ,42 ,0 ,0 ,0 ,0 ,0
58 ,146 ,4 ,76 ,0 ,0 ,0 ,0 ,0 ,7 ,0 ,0 ,23 ,0 ,0 ,0 ,0 ,73 ,1 ,0 ,2 ,0 ,0
66 ,0 ,0 ,626090 ,0 ,0 ,0 ,100 ,0 ,0 ,0 ,0 ,0 ,0 ,0 ,0 ,12 ,0 ,0 ,2 ,1 ,0 ,0
6490 ,0 ,7 ,96 ,0 ,0 ,0 ,0 ,0 ,7 ,24 ,0 ,41 ,2 ,0 ,0 ,0 ,91 ,0 ,0 ,0 ,0 ,0
6860 ,131 ,0 ,79 ,0 ,0 ,0 ,0 ,0 ,6 ,1536 ,0 ,0 ,0 ,0 ,0 ,0 ,-8 ,4 ,0 ,0 ,50 ,0
-9 ,0 ,0 ,-9 ,0 ,0 ,0 ,0 ,0 ,0 ,0 ,0 ,54 ,0 ,0 ,1 ,0 ,0 ,0 ,0 ,0 ,75 ,0
53 ,0 ,0 ,70 ,1512 ,1 ,0 ,0 ,0 ,4 ,17 ,0 ,0 ,2 ,0 ,0 ,0 ,-8 ,0 ,0 ,0 ,0 ,0
6560 ,0 ,0 ,0 ,0 ,0 ,0 ,100 ,-7 ,7 ,18 ,0 ,0 ,0 ,0 ,0 ,74 ,0 ,0 ,3 ,4 ,90 ,0
86 ,-826 ,0 ,94 ,0 ,0 ,0 ,0 ,0 ,7 ,26 ,0 ,25 ,0 ,0 ,0 ,18 ,0 ,0 ,0 ,1 ,0 ,0
91 ,242 ,18 ,111 ,0 ,0 ,0 ,0 ,42 ,7 ,0 ,0 ,16 ,0 ,0 ,0 ,4 ,0 ,0 ,0 ,0 ,0 ,0
63 ,183 ,0 ,81 ,0 ,0 ,0 ,0 ,0 ,4 ,24 ,0 ,0 ,0 ,0 ,0 ,46 ,0 ,0 ,0 ,1 ,0 ,0
6660 ,0 ,1 ,72 ,0 ,0 ,0 ,100 ,0 ,0 ,10 ,0 ,0 ,0 ,0 ,0 ,32 ,0 ,0 ,0 ,0 ,0 ,0
89 ,256 ,0 ,97 ,41 ,0 ,0 ,0 ,0 ,0 ,14 ,0 ,46 ,-8 ,0 ,0 ,6 ,0 ,0 ,0 ,2 ,0 ,0
77 ,137 ,0 ,8860 ,0 ,0 ,1 ,0 ,0 ,7 ,4900 ,0 ,0 ,0 ,0 ,0 ,0 ,-8 ,0 ,0 ,3 ,0 ,0
85 ,0 ,0 ,9890 ,0 ,1 ,0 ,0 ,0 ,0 ,8 ,0 ,29 ,0 ,0 ,0 ,0 ,0 ,3 ,0 ,0 ,0 ,0
8690 ,0 ,0 ,0 ,0 ,0 ,0 ,0 ,0 ,0 ,0 ,4 ,50 ,0 ,0 ,0 ,0 ,-8 ,0 ,0 ,1 ,0 ,0
0 ,0 ,609 ,879060 ,0 ,0 ,0 ,0 ,0 ,0 ,0 ,0 ,0 ,0 ,0 ,0 ,0 ,0 ,2 ,0 ,2 ,0 ,0
6890 ,0 ,0 ,9560 ,0 ,0 ,0 ,0 ,0 ,4 ,0 ,0 ,0 ,0 ,0 ,5 ,0 ,88 ,0 ,0 ,2 ,80 ,0
56 ,0 ,0 ,66 ,0 ,0 ,0 ,97 ,0 ,7 ,0 ,0 ,0 ,0 ,0 ,0 ,4 ,0 ,0 ,0 ,1 ,0 ,0
69 ,0 ,466 ,0 ,0 ,0 ,0 ,0 ,-7 ,0 ,12 ,0 ,388 ,0 ,0 ,0 ,0 ,50 ,1 ,0 ,3 ,0 ,0
85 ,0 ,0 ,76 ,0 ,0 ,0 ,0 ,0 ,0 ,0 ,0 ,26 ,0 ,0 ,0 ,0 ,0 ,4 ,0 ,1 ,0 ,0
0 ,164 ,479 ,68 ,363 ,0 ,0 ,0 ,0 ,0 ,43 ,0 ,0 ,0 ,0 ,0 ,16 ,0 ,0 ,0 ,1 ,71 ,0
74746790 ,183 ,0 ,0 ,0 ,0 ,0 ,0 ,-7 ,7 ,0 ,0 ,31 ,0 ,0 ,0 ,47 ,0 ,4 ,0 ,0 ,74 ,0
79 ,0 ,0 ,69 ,0 ,0 ,0 ,0 ,0 ,7 ,2112 ,0 ,0 ,0 ,0 ,0 ,0 ,-8 ,3 ,0 ,0 ,50 ,0
75 ,0 ,0 ,78 ,0 ,0 ,0 ,0 ,0 ,0 ,26 ,0 ,36 ,0 ,0 ,1 ,0 ,0 ,0 ,0 ,0 ,0 ,0
65 ,0 ,0 ,666090 ,0 ,0 ,0 ,0 ,29 ,0 ,12 ,0 ,0 ,0 ,0 ,0 ,0 ,95 ,0 ,0 ,0 ,0 ,0
70 ,159 ,0 ,856090 ,0 ,0 ,0 ,0 ,0 ,0 ,2490 ,0 ,0 ,0 ,0 ,0 ,0 ,0 ,5 ,0 ,0 ,100 ,0
76 ,0 ,0 ,0 ,0 ,0 ,0 ,0 ,0 ,6 ,2910 ,0 ,31 ,0 ,0 ,0 ,7 ,0 ,0 ,0 ,0 ,0 ,0
79 ,0 ,20 ,636090 ,0 ,0 ,0 ,0 ,0 ,7 ,0 ,0 ,0 ,0 ,0 ,0 ,5 ,0 ,0 ,0 ,0 ,50 ,0
81 ,0 ,8 ,75 ,0 ,0 ,0 ,0 ,0 ,6 ,0 ,0 ,0 ,0 ,0 ,0 ,56 ,0 ,0 ,0 ,0 ,0 ,0
88 ,0 ,0 ,57 ,23 ,0 ,0 ,88 ,0 ,6 ,1150 ,0 ,0 ,0 ,0 ,0 ,1 ,0 ,0 ,0 ,2 ,0 ,0
72 ,0 ,0 ,866090 ,0 ,0 ,0 ,0 ,0 ,7 ,11 ,0 ,35 ,0 ,0 ,0 ,0 ,-8 ,0 ,0 ,1 ,0 ,0
77 ,206 ,0 ,89 ,11 ,0 ,0 ,0 ,0 ,0 ,21 ,0 ,36 ,0 ,0 ,0 ,2 ,0 ,2 ,0 ,3 ,0 ,0
74 ,-8 ,0 ,9060 ,0 ,0 ,0 ,0 ,0 ,6 ,32 ,0 ,38 ,0 ,0 ,0 ,0 ,84 ,1 ,0 ,2 ,0 ,0
79 ,0 ,0 ,6860 ,0 ,0 ,0 ,0 ,0 ,0 ,0 ,0 ,33 ,0 ,0 ,0 ,469 ,0 ,0 ,0 ,0 ,70 ,0
59 ,0 ,0 ,89 ,0 ,0 ,0 ,0 ,0 ,6 ,0 ,0 ,0 ,0 ,0 ,2 ,7 ,0 ,0 ,0 ,0 ,38 ,0
73 ,0 ,0 ,99 ,0 ,0 ,0 ,86 ,15 ,0 ,0 ,0 ,0 ,0 ,0 ,0 ,21 ,0 ,0 ,2 ,1 ,0 ,0
57 ,0 ,18 ,0 ,0 ,0 ,0 ,100 ,0 ,6 ,15 ,0 ,0 ,0 ,0 ,0 ,42 ,0 ,0 ,0 ,0 ,0 ,0
697 ,0 ,4 ,676090 ,0 ,0 ,0 ,0 ,0 ,0 ,0 ,0 ,29 ,0 ,0 ,0 ,36 ,0 ,0 ,0 ,2 ,89 ,0
6560 ,175 ,0 ,96 ,0 ,0 ,0 ,0 ,0 ,7 ,0 ,0 ,0 ,0 ,0 ,0 ,31 ,0 ,0 ,0 ,1 ,0 ,0
73 ,0 ,0 ,77 ,0 ,0 ,2 ,0 ,0 ,6 ,0 ,0 ,0 ,0 ,0 ,0 ,31 ,0 ,0 ,0 ,0 ,73 ,0
6560 ,0 ,0 ,6690 ,0 ,0 ,0 ,0 ,0 ,6 ,29 ,0 ,52 ,0 ,0 ,4 ,0 ,0 ,3 ,0 ,0 ,0 ,0
90 ,182 ,0 ,0 ,0 ,0 ,0 ,0 ,16 ,0 ,21 ,2 ,0 ,0 ,0 ,6 ,47 ,0 ,0 ,0 ,3 ,0 ,0
70 ,0 ,10 ,80 ,0 ,0 ,0 ,0 ,0 ,0 ,24 ,0 ,0 ,0 ,0 ,2 ,0 ,0 ,0 ,0 ,0 ,60 ,0
74 ,0 ,9 ,0 ,0 ,0 ,0 ,0 ,0 ,7 ,0 ,0 ,40 ,0 ,0 ,0 ,0 ,-8 ,0 ,0 ,1 ,85 ,0
89 ,242 ,11 ,7060 ,0 ,0 ,0 ,0 ,0 ,4 ,21 ,0 ,38 ,0 ,0 ,0 ,57 ,0 ,0 ,2 ,1 ,0 ,0
0 ,0 ,0 ,9360 ,0 ,0 ,4 ,0 ,0 ,7 ,0 ,0 ,317 ,0 ,0 ,0 ,0 ,-8 ,0 ,0 ,0 ,0 ,0
7560 ,0 ,0 ,0 ,0 ,0 ,0 ,0 ,0 ,0 ,0 ,0 ,40 ,0 ,0 ,0 ,0 ,78 ,3 ,5 ,2 ,0 ,0
85 ,0 ,4 ,6590 ,0 ,0 ,0 ,0 ,-7 ,0 ,0 ,0 ,35 ,0 ,0 ,0 ,0 ,100 ,2 ,0 ,0 ,0 ,0
76 ,175 ,0 ,88 ,0 ,0 ,0 ,0 ,8 ,0 ,0 ,0 ,18 ,0 ,0 ,0 ,12 ,0 ,0 ,0 ,1 ,0 ,0
84 ,0 ,0 ,69 ,0 ,0 ,0 ,0 ,0 ,7 ,13 ,0 ,45 ,0 ,0 ,0 ,34 ,0 ,0 ,0 ,0 ,0 ,0
0 ,23040000 ,0 ,-912 ,904867113736 ,0 ,0 ,0 ,0 ,6 ,0 ,0 ,0 ,0 ,0 ,0 ,5 ,0 ,0 ,0 ,1 ,33 ,0
7960 ,0 ,0 ,6999 ,0 ,0 ,0 ,0 ,0 ,7 ,0 ,0 ,257 ,3 ,0 ,0 ,43 ,0 ,0 ,0 ,0 ,0 ,0
60 ,0 ,0 ,636037 ,0 ,0 ,1 ,0 ,0 ,7 ,2060 ,0 ,22 ,0 ,2 ,0 ,0 ,0 ,0 ,0 ,4 ,0 ,0
73 ,163 ,0 ,0 ,22 ,0 ,0 ,0 ,0 ,6 ,0 ,0 ,0 ,-8 ,0 ,0 ,16 ,0 ,0 ,0 ,0 ,0 ,0
88 ,0 ,0 ,84 ,0 ,0 ,0 ,0 ,0 ,7 ,16 ,0 ,0 ,-8 ,0 ,0 ,0 ,100 ,2 ,0 ,4 ,0 ,0
8260 ,-818 ,0 ,0 ,0 ,0 ,0 ,0 ,0 ,6 ,20 ,1 ,33 ,0 ,4 ,0 ,0 ,0 ,0 ,0 ,0 ,0 ,0
81 ,0 ,0 ,77 ,0 ,3 ,0 ,100 ,0 ,0 ,37 ,0 ,0 ,0 ,0 ,0 ,36 ,0 ,0 ,0 ,1 ,0 ,0
66 ,0 ,2 ,54 ,278 ,0 ,0 ,0 ,0 ,7 ,20 ,0 ,31 ,0 ,0 ,0 ,33 ,0 ,0 ,0 ,0 ,7560 ,0
669060 ,264464 ,0 ,87 ,0 ,0 ,0 ,0 ,0 ,7 ,0 ,0 ,22 ,0 ,0 ,0 ,0 ,0 ,0 ,0 ,1 ,0 ,0
64 ,0 ,477 ,97 ,0 ,1 ,0 ,0 ,0 ,6 ,32 ,0 ,0 ,0 ,0 ,0 ,26 ,0 ,0 ,0 ,1 ,0 ,0
70 ,183 ,0 ,56 ,24 ,0 ,0 ,0 ,0 ,7 ,26 ,0 ,0 ,0 ,0 ,0 ,0 ,89 ,3 ,6 ,1 ,0 ,0
88 ,0 ,0 ,9060 ,43822 ,0 ,1 ,100 ,0 ,7 ,0 ,5 ,0 ,0 ,0 ,0 ,3 ,0 ,0 ,0 ,1 ,67 ,0
0 ,0 ,7 ,68902260 ,0 ,0 ,0 ,0 ,0 ,0 ,0 ,0 ,0 ,0 ,1 ,0 ,6 ,0 ,2 ,0 ,8 ,0 ,0
60 ,158 ,0 ,0 ,0 ,0 ,0 ,0 ,0 ,6 ,8 ,0 ,25 ,0 ,0 ,2 ,0 ,0 ,0 ,0 ,0 ,0 ,0
81 ,0 ,456 ,799060 ,28 ,0 ,0 ,0 ,0 ,6 ,17 ,0 ,0 ,2 ,0 ,0 ,69 ,0 ,0 ,0 ,0 ,36 ,0
8467 ,0 ,0 ,856090 ,0 ,0 ,0 ,0 ,0 ,6 ,0 ,0 ,46 ,0 ,0 ,0 ,0 ,90 ,3 ,0 ,0 ,0 ,0
73 ,158 ,987 ,71 ,0 ,0 ,0 ,0 ,0 ,4 ,23 ,0 ,33 ,0 ,0 ,2 ,3 ,0 ,7 ,0 ,6 ,0 ,0
0 ,169 ,0 ,686090 ,0 ,0 ,0 ,0 ,0 ,6 ,0 ,0 ,0 ,-8 ,0 ,0 ,31 ,0 ,0 ,1 ,0 ,0 ,0
706760 ,0 ,0 ,0 ,0 ,0 ,0 ,0 ,0 ,7 ,0 ,4 ,60 ,0 ,0 ,0 ,10 ,0 ,0 ,0 ,1 ,0 ,0
68 ,0 ,5 ,66 ,17 ,0 ,0 ,0 ,0 ,7 ,0 ,0 ,24 ,0 ,0 ,0 ,32 ,0 ,0 ,0 ,1 ,0 ,0
67 ,162 ,0 ,9260902367 ,0 ,0 ,0 ,96 ,0 ,7 ,36 ,0 ,20 ,0 ,0 ,0 ,1 ,0 ,0 ,0 ,4 ,0 ,0
73 ,141 ,0 ,76 ,0 ,0 ,0 ,0 ,0 ,4 ,9 ,0 ,0 ,0 ,0 ,0 ,16 ,0 ,0 ,1 ,0 ,89 ,0
63 ,0 ,8 ,0 ,0 ,0 ,0 ,0 ,0 ,0 ,286090 ,3 ,27 ,0 ,0 ,0 ,29 ,0 ,0 ,0 ,1 ,0 ,0
74 ,163 ,0 ,79 ,0 ,0 ,0 ,100 ,0 ,6 ,297 ,0 ,0 ,0 ,0 ,0 ,0 ,82 ,4 ,0 ,0 ,0 ,0
0 ,199 ,2 ,726090 ,0 ,0 ,0 ,0 ,0 ,0 ,0 ,0 ,40 ,9 ,3 ,0 ,46 ,0 ,0 ,0 ,57 ,0 ,0
89 ,139 ,0 ,85 ,0 ,0 ,0 ,0 ,0 ,5 ,28 ,0 ,18 ,7 ,0 ,3 ,0 ,0 ,0 ,0 ,2 ,0 ,0
77 ,0 ,0 ,1114 ,0 ,0 ,0 ,0 ,0 ,7 ,718 ,0 ,0 ,0 ,0 ,0 ,0 ,70 ,4 ,0 ,1 ,0 ,0
71 ,131 ,0 ,966047 ,0 ,0 ,0 ,0 ,0 ,6 ,34 ,0 ,0 ,0 ,0 ,0 ,0 ,0 ,0 ,3 ,0 ,0 ,0
80 ,0 ,0 ,67 ,218 ,0 ,0 ,0 ,0 ,6 ,0 ,0 ,26 ,0 ,0 ,3 ,73 ,0 ,5 ,0 ,1 ,0 ,0
68 ,137 ,0 ,6086 ,0 ,0 ,0 ,0 ,0 ,0 ,0 ,0 ,0 ,0 ,0 ,0 ,0 ,-8 ,0 ,0 ,0 ,60 ,0
90 ,0 ,0 ,626090 ,0 ,0 ,0 ,0 ,0 ,0 ,0 ,0 ,17 ,0 ,0 ,0 ,23 ,0 ,0 ,0 ,1 ,0 ,0
80 ,0 ,0 ,64 ,297 ,0 ,0 ,90 ,0 ,77 ,24 ,0 ,0 ,0 ,0 ,0 ,56 ,0 ,0 ,4 ,2 ,0 ,0
58 ,0 ,0 ,0 ,0 ,0 ,0 ,0 ,5 ,6 ,17 ,0 ,48 ,0 ,0 ,0 ,47 ,0 ,0 ,0 ,1 ,0 ,0
67 ,0 ,0 ,0 ,391 ,0 ,0 ,0 ,13 ,6 ,33 ,0 ,25 ,0 ,0 ,0 ,0 ,-8 ,0 ,0 ,0 ,0 ,0
78 ,173 ,0 ,67 ,0 ,0 ,0 ,0 ,-7 ,7 ,11 ,0 ,40 ,0 ,0 ,0 ,27 ,0 ,0 ,0 ,0 ,0 ,0
0 ,160 ,0 ,60 ,0 ,0 ,3 ,0 ,0 ,0 ,17 ,0 ,33 ,-8 ,0 ,0 ,0 ,89 ,2 ,0 ,0 ,0 ,0
0 ,0 ,0 ,916036 ,0 ,0 ,0 ,0 ,0 ,7 ,47 ,0 ,0 ,0 ,0 ,0 ,0 ,82 ,0 ,0 ,0 ,0 ,0
56 ,172 ,0 ,0 ,0 ,0 ,0 ,0 ,-7 ,7 ,45 ,0 ,0 ,0 ,0 ,0 ,0 ,94 ,0 ,0 ,1 ,50 ,0
71 ,0 ,0 ,0 ,16 ,0 ,0 ,0 ,-7 ,7 ,24 ,0 ,40 ,0 ,0 ,0 ,11 ,0 ,0 ,0 ,0 ,0 ,0
596090 ,0 ,0 ,84 ,0 ,0 ,0 ,0 ,0 ,4 ,21 ,0 ,378 ,0 ,0 ,0 ,0 ,76 ,2 ,0 ,3 ,0 ,0
88 ,0 ,11 ,0 ,0 ,0 ,0 ,100 ,0 ,6 ,0 ,0 ,0 ,0 ,0 ,0 ,11 ,0 ,0 ,3 ,1 ,0 ,0
71 ,0 ,0 ,0 ,0 ,1 ,0 ,0 ,0 ,6 ,0 ,0 ,0 ,0 ,0 ,0 ,0 ,-8 ,3 ,0 ,0 ,71 ,0
6090 ,0 ,3 ,54 ,0 ,0 ,0 ,0 ,0 ,7 ,29 ,0 ,26 ,0 ,0 ,0 ,0 ,78 ,0 ,0 ,1 ,0 ,0
59 ,164 ,0 ,57 ,0 ,0 ,0 ,94 ,0 ,0 ,0 ,0 ,0 ,0 ,0 ,0 ,0 ,-8 ,0 ,0 ,0 ,71 ,0
83 ,193 ,0 ,62 ,0 ,0 ,0 ,100 ,0 ,7 ,15 ,0 ,0 ,0 ,0 ,0 ,0 ,0 ,0 ,0 ,0 ,0 ,0
6890 ,161 ,0 ,54 ,0 ,0 ,0 ,0 ,0 ,6 ,1360 ,0 ,32 ,0 ,0 ,0 ,24 ,0 ,0 ,0 ,3 ,0 ,0
65 ,0 ,0 ,906090 ,0 ,0 ,0 ,0 ,0 ,6 ,30 ,5 ,44 ,0 ,0 ,0 ,18 ,0 ,0 ,0 ,0 ,0 ,0
58 ,132 ,0 ,0 ,0 ,0 ,0 ,0 ,0 ,7 ,16 ,0 ,27 ,0 ,0 ,0 ,0 ,-8 ,2 ,0 ,0 ,0 ,0
66 ,0 ,0 ,8860 ,0 ,0 ,0 ,0 ,0 ,7 ,0 ,0 ,0 ,0 ,0 ,0 ,10 ,0 ,0 ,2 ,0 ,100 ,0
88 ,0 ,0 ,90 ,0 ,0 ,0 ,100 ,0 ,7 ,29 ,0 ,0 ,0 ,0 ,0 ,0 ,0 ,0 ,1 ,1 ,0 ,0
607 ,202 ,7 ,626090 ,0 ,0 ,0 ,0 ,0 ,0 ,17 ,0 ,0 ,0 ,0 ,0 ,4 ,0 ,0 ,2 ,3 ,0 ,0
77 ,0 ,0 ,84 ,0 ,0 ,0 ,0 ,-7 ,7 ,28 ,0 ,29 ,0 ,0 ,1 ,3 ,0 ,0 ,0 ,2 ,0 ,0
89 ,215 ,0 ,0 ,0 ,0 ,0 ,0 ,0 ,6 ,0 ,0 ,22 ,0 ,0 ,0 ,0 ,77 ,3 ,0 ,0 ,0 ,0
61 ,195 ,0 ,65 ,0 ,0 ,0 ,0 ,0 ,6 ,0 ,0 ,28 ,16 ,0 ,0 ,0 ,0 ,0 ,0 ,0 ,0 ,0
66 ,0 ,0 ,57 ,0 ,0 ,0 ,100 ,0 ,7 ,250000 ,0 ,0 ,0 ,0 ,0 ,0 ,59 ,0 ,0 ,0 ,0 ,0
71 ,153 ,0 ,0 ,0 ,0 ,0 ,0 ,0 ,6 ,0 ,0 ,42 ,0 ,0 ,0 ,0 ,-8 ,5 ,0 ,0 ,0 ,0
75 ,0 ,0 ,656090 ,23 ,0 ,0 ,0 ,0 ,4 ,24 ,0 ,0 ,0 ,0 ,0 ,0 ,-8 ,6 ,0 ,0 ,33 ,0
80 ,0 ,637 ,74 ,11 ,0 ,0 ,93 ,0 ,0 ,22 ,0 ,0 ,0 ,0 ,0 ,5 ,0 ,0 ,1 ,3 ,0 ,0
80 ,0 ,3 ,7260 ,0 ,0 ,0 ,0 ,0 ,7 ,13 ,0 ,0 ,0 ,0 ,0 ,21 ,0 ,0 ,0 ,0 ,0 ,0
71 ,0 ,0 ,79 ,0 ,0 ,0 ,0 ,0 ,6 ,0 ,0 ,38 ,0 ,0 ,0 ,1 ,0 ,0 ,0 ,2 ,0 ,0
60 ,0 ,2 ,98 ,326090 ,0 ,0 ,0 ,0 ,6 ,0 ,0 ,0 ,0 ,0 ,0 ,0 ,0 ,0 ,0 ,1 ,0 ,0
73 ,-8 ,0 ,0 ,0 ,0 ,0 ,0 ,0 ,0 ,266038 ,0 ,13 ,0 ,0 ,3 ,2 ,0 ,0 ,0 ,4 ,0 ,0
0 ,155 ,0 ,98 ,0 ,0 ,0 ,0 ,3 ,7 ,0 ,0 ,54 ,0 ,0 ,0 ,48 ,0 ,0 ,0 ,1 ,0 ,0
5560 ,184 ,0 ,77 ,0 ,0 ,0 ,0 ,0 ,7 ,4 ,0 ,0 ,0 ,0 ,0 ,31 ,0 ,0 ,0 ,1 ,75 ,0
85 ,193 ,3 ,70 ,0 ,0 ,0 ,0 ,489 ,0 ,27 ,0 ,0 ,0 ,0 ,2 ,0 ,-8 ,0 ,0 ,0 ,0 ,0
83 ,172 ,0 ,72 ,0 ,1 ,0 ,0 ,0 ,6 ,0 ,0 ,0 ,0 ,0 ,1 ,0 ,0 ,0 ,2 ,0 ,29 ,0
81 ,0 ,0 ,0 ,20 ,0 ,0 ,0 ,2 ,0 ,1700 ,0 ,38 ,0 ,0 ,0 ,0 ,0 ,0 ,0 ,0 ,0 ,0
7560 ,0 ,0 ,64 ,0 ,0 ,0 ,0 ,-7 ,0 ,0 ,0 ,0 ,0 ,0 ,0 ,36 ,0 ,0 ,0 ,0 ,84 ,0
6490 ,0 ,8 ,5780 ,0 ,0 ,0 ,0 ,0 ,6 ,0 ,0 ,27 ,0 ,0 ,2 ,0 ,96 ,0 ,0 ,4 ,89 ,0
70 ,0 ,0 ,99 ,0 ,0 ,0 ,0 ,0 ,7 ,0 ,0 ,57 ,0 ,0 ,2 ,0 ,73 ,3 ,0 ,0 ,0 ,0
7060 ,0 ,0 ,97 ,0 ,0 ,0 ,0 ,-7 ,7 ,0 ,0 ,13 ,0 ,0 ,0 ,0 ,88 ,2 ,0 ,8 ,0 ,0
8260 ,0 ,1 ,74 ,0 ,0 ,0 ,0 ,0 ,4 ,0 ,0 ,54 ,0 ,0 ,0 ,58 ,0 ,0 ,0 ,0 ,0 ,0
77 ,153 ,5 ,0 ,0 ,0 ,0 ,100 ,0 ,7 ,0 ,0 ,0 ,0 ,0 ,0 ,0 ,0 ,0 ,3 ,2 ,0 ,0
65 ,0 ,0 ,1096095 ,0 ,0 ,0 ,0 ,-7 ,7 ,0 ,0 ,36 ,0 ,0 ,2 ,0 ,0 ,0 ,0 ,0 ,0 ,0
83 ,0 ,0 ,689060 ,0 ,0 ,0 ,0 ,0 ,4 ,0 ,0 ,33 ,0 ,0 ,0 ,13 ,0 ,0 ,0 ,1 ,0 ,0
64 ,0 ,10 ,666090 ,0 ,0 ,0 ,0 ,0 ,6 ,0 ,0 ,47 ,0 ,0 ,0 ,0 ,56 ,0 ,0 ,1 ,0 ,0
69 ,0 ,0 ,6360 ,0 ,0 ,7 ,100 ,0 ,6 ,856 ,0 ,0 ,0 ,0 ,0 ,32 ,0 ,0 ,0 ,0 ,0 ,0
59 ,0 ,0 ,63 ,0 ,0 ,0 ,100 ,0 ,7 ,24 ,0 ,0 ,-8 ,0 ,0 ,28 ,50 ,0 ,2 ,4 ,0 ,0
68 ,180 ,0 ,806090 ,0 ,0 ,0 ,0 ,0 ,6 ,0 ,0 ,0 ,0 ,0 ,0 ,0 ,-8 ,0 ,0 ,1 ,0 ,0
85 ,0 ,0 ,77 ,0 ,0 ,0 ,0 ,0 ,7 ,23 ,0 ,0 ,0 ,0 ,0 ,3 ,0 ,0 ,0 ,0 ,0 ,0
6660 ,0 ,0 ,0 ,25 ,0 ,0 ,0 ,0 ,7 ,15 ,0 ,0 ,0 ,1 ,0 ,5 ,0 ,0 ,0 ,0 ,0 ,0
69 ,0 ,0 ,71 ,0 ,0 ,0 ,0 ,0 ,7 ,8 ,0 ,0 ,0 ,0 ,0 ,5 ,0 ,0 ,0 ,0 ,100 ,0
636090 ,0 ,0 ,91 ,0 ,0 ,0 ,0 ,0 ,7 ,23 ,0 ,44 ,0 ,0 ,1 ,0 ,0 ,0 ,0 ,3 ,0 ,0
81 ,183 ,0 ,66 ,19 ,0 ,0 ,0 ,0 ,6 ,0 ,0 ,368 ,0 ,0 ,1 ,0 ,64 ,5 ,0 ,0 ,0 ,0
0 ,0 ,3 ,77 ,27 ,0 ,0 ,0 ,0 ,6 ,25 ,0 ,0 ,0 ,0 ,0 ,0 ,93 ,0 ,1 ,3 ,50 ,0
64 ,0 ,8 ,98 ,0 ,0 ,0 ,0 ,0 ,7 ,0 ,0 ,0 ,0 ,0 ,1 ,0 ,70 ,0 ,0 ,3 ,0 ,0
0 ,0 ,0 ,70 ,0 ,0 ,0 ,0 ,0 ,4 ,28 ,0 ,0 ,0 ,0 ,0 ,2 ,0 ,0 ,0 ,3 ,0 ,0
81 ,193 ,0 ,0 ,0 ,0 ,0 ,0 ,-7 ,0 ,0 ,0 ,20 ,0 ,0 ,0 ,40 ,0 ,0 ,0 ,1 ,0 ,1
65 ,208 ,0 ,0 ,0 ,0 ,0 ,0 ,0 ,0 ,29 ,0 ,15 ,0 ,0 ,0 ,39 ,0 ,0 ,0 ,1 ,0 ,1
84 ,0 ,0 ,82 ,0 ,0 ,0 ,0 ,0 ,6 ,23 ,0 ,31 ,0 ,0 ,2 ,0 ,-8 ,8 ,0 ,0 ,0 ,1
6760 ,0 ,0 ,90 ,0 ,0 ,0 ,0 ,0 ,6 ,3060 ,0 ,38 ,0 ,0 ,0 ,1 ,0 ,0 ,0 ,2 ,100 ,1
59 ,0 ,0 ,0 ,0 ,0 ,0 ,0 ,0 ,0 ,18 ,0 ,0 ,0 ,0 ,0 ,8 ,0 ,0 ,0 ,0 ,69 ,1
70 ,182 ,0 ,64 ,0 ,0 ,0 ,0 ,0 ,0 ,0 ,0 ,0 ,0 ,0 ,0 ,34 ,0 ,0 ,0 ,0 ,86 ,1
91 ,0 ,539 ,0 ,0 ,0 ,4 ,0 ,0 ,4 ,0 ,0 ,28 ,1 ,0 ,0 ,0 ,0 ,0 ,0 ,0 ,0 ,1
0 ,233 ,0 ,69 ,7 ,0 ,0 ,0 ,0 ,4 ,10 ,0 ,40 ,0 ,0 ,0 ,0 ,-8 ,0 ,0 ,2 ,0 ,1
72 ,0 ,12 ,0 ,0 ,0 ,0 ,0 ,0 ,7 ,10 ,1 ,0 ,0 ,0 ,0 ,0 ,-8 ,0 ,0 ,0 ,0 ,1
66 ,161 ,0 ,99 ,0 ,0 ,0 ,0 ,0 ,7 ,0 ,0 ,44 ,0 ,0 ,0 ,0 ,-8 ,0 ,0 ,0 ,0 ,1
56 ,160 ,1 ,0 ,0 ,0 ,0 ,0 ,20 ,0 ,14 ,0 ,388 ,0 ,0 ,0 ,31 ,0 ,0 ,4 ,0 ,0 ,1
0 ,0 ,3 ,72 ,0 ,0 ,0 ,0 ,0 ,7 ,53 ,0 ,0 ,0 ,0 ,0 ,0 ,-8 ,2 ,0 ,0 ,0 ,1
66 ,0 ,469 ,0 ,0 ,0 ,0 ,0 ,37 ,7 ,0 ,0 ,45 ,0 ,1 ,0 ,0 ,0 ,0 ,0 ,0 ,0 ,1
89 ,0 ,0 ,73 ,0 ,0 ,0 ,0 ,0 ,0 ,24 ,0 ,52 ,0 ,0 ,0 ,26 ,0 ,0 ,0 ,0 ,0 ,1
0 ,132 ,0 ,5939 ,0 ,0 ,0 ,0 ,0 ,7 ,13000 ,0 ,508 ,0 ,0 ,0 ,0 ,0 ,0 ,0 ,3 ,0 ,1
75 ,-9 ,18 ,-990 ,0 ,0 ,0 ,0 ,0 ,6 ,0 ,0 ,0 ,0 ,0 ,0 ,56 ,0 ,0 ,0 ,0 ,80 ,1
0 ,128 ,10 ,0 ,0 ,0 ,0 ,0 ,0 ,7 ,0 ,0 ,0 ,0 ,0 ,0 ,3 ,0 ,0 ,0 ,0 ,0 ,1
73 ,171 ,0 ,94 ,0 ,0 ,1 ,0 ,0 ,7 ,0 ,0 ,33 ,0 ,0 ,0 ,32 ,0 ,0 ,0 ,1 ,0 ,1
7960 ,0 ,3 ,87 ,0 ,0 ,0 ,0 ,0 ,7 ,0 ,0 ,40 ,0 ,0 ,0 ,7 ,0 ,0 ,0 ,1 ,0 ,1
8460 ,199 ,3 ,59 ,13 ,0 ,0 ,94 ,0 ,0 ,42 ,0 ,0 ,0 ,0 ,0 ,9 ,0 ,0 ,0 ,0 ,0 ,1
87 ,200 ,14 ,0 ,0 ,0 ,0 ,0 ,0 ,7 ,0 ,0 ,0 ,0 ,0 ,0 ,54 ,0 ,0 ,0 ,1 ,87 ,1
81 ,0 ,1 ,0 ,0 ,0 ,0 ,0 ,0 ,0 ,0 ,0 ,30 ,0 ,0 ,0 ,0 ,62 ,4 ,0 ,1 ,0 ,1
90 ,0 ,0 ,66 ,0 ,0 ,0 ,0 ,0 ,5 ,0 ,0 ,33 ,0 ,0 ,0 ,32 ,0 ,0 ,0 ,0 ,63 ,1
79 ,0 ,0 ,0 ,0 ,0 ,0 ,0 ,0 ,7 ,0 ,0 ,2060 ,0 ,0 ,0 ,35 ,0 ,0 ,0 ,0 ,0 ,1
0 ,141 ,3 ,89 ,18 ,0 ,0 ,100 ,0 ,7 ,0 ,0 ,0 ,0 ,0 ,0 ,0 ,-8 ,0 ,0 ,0 ,0 ,1
81 ,0 ,0 ,89 ,0 ,0 ,0 ,0 ,0 ,0 ,0 ,0 ,33 ,0 ,0 ,0 ,26 ,0 ,0 ,0 ,0 ,67 ,1
61 ,208 ,3 ,766090 ,0 ,0 ,0 ,0 ,0 ,0 ,25 ,0 ,56 ,0 ,0 ,0 ,0 ,0 ,0 ,0 ,1 ,0 ,1
0 ,232 ,2 ,58 ,0 ,0 ,0 ,0 ,0 ,7 ,33 ,0 ,0 ,0 ,0 ,0 ,14 ,0 ,0 ,0 ,0 ,0 ,1
666090 ,0 ,0 ,6512 ,0 ,0 ,0 ,0 ,-7 ,7 ,3500 ,5 ,33 ,0 ,0 ,0 ,0 ,0 ,0 ,0 ,2 ,0 ,1
64 ,0 ,2 ,80 ,0 ,0 ,0 ,92 ,0 ,0 ,0 ,0 ,0 ,0 ,0 ,0 ,15 ,0 ,0 ,0 ,2 ,0 ,1
0 ,131 ,0 ,78 ,0 ,4 ,0 ,0 ,0 ,6 ,0 ,0 ,0 ,0 ,0 ,0 ,7 ,0 ,0 ,5 ,0 ,0 ,1
0 ,178 ,0 ,9160 ,0 ,0 ,0 ,0 ,0 ,7 ,0 ,0 ,0 ,0 ,0 ,0 ,16 ,0 ,0 ,0 ,0 ,0 ,1
87 ,-923 ,-913 ,70 ,0 ,0 ,0 ,100 ,0 ,0 ,26 ,0 ,0 ,0 ,0 ,0 ,7 ,0 ,0 ,0 ,0 ,0 ,1
72 ,208 ,0 ,0 ,0 ,0 ,0 ,0 ,0 ,0 ,0 ,0 ,30 ,0 ,0 ,0 ,48 ,0 ,0 ,2 ,0 ,0 ,1
71 ,0 ,12 ,65 ,0 ,0 ,0 ,0 ,-7 ,7 ,9 ,0 ,50 ,0 ,0 ,0 ,33 ,0 ,0 ,0 ,0 ,0 ,1
666700 ,0 ,0 ,886090 ,299 ,0 ,0 ,0 ,-7 ,7 ,0 ,0 ,26 ,0 ,0 ,0 ,28 ,0 ,0 ,0 ,0 ,0 ,1
63 ,177 ,0 ,6160 ,0 ,0 ,0 ,0 ,0 ,4 ,3700 ,0 ,55 ,0 ,0 ,0 ,0 ,0 ,0 ,0 ,0 ,0 ,1
6760 ,184 ,0 ,0 ,18 ,0 ,0 ,0 ,0 ,7 ,28 ,0 ,30 ,0 ,0 ,0 ,9 ,0 ,2 ,0 ,0 ,0 ,1
7490 ,0 ,569 ,92 ,0 ,0 ,0 ,0 ,0 ,6 ,0 ,0 ,0 ,0 ,0 ,0 ,0 ,-8 ,4 ,0 ,2 ,0 ,1
0 ,190 ,901 ,0 ,0 ,0 ,0 ,0 ,0 ,7 ,0 ,0 ,29 ,0 ,0 ,0 ,0 ,83 ,0 ,0 ,2 ,0 ,1
77 ,166 ,0 ,481 ,0 ,0 ,0 ,0 ,-7 ,7 ,23 ,0 ,0 ,0 ,0 ,2 ,0 ,0 ,0 ,0 ,0 ,0 ,1
79 ,0 ,0 ,59 ,0 ,0 ,0 ,0 ,0 ,7 ,0 ,0 ,0 ,0 ,0 ,0 ,0 ,-8 ,1 ,2 ,0 ,0 ,1
79 ,173 ,0 ,946090 ,0 ,0 ,0 ,0 ,0 ,7 ,0 ,0 ,17 ,0 ,0 ,0 ,19 ,0 ,0 ,0 ,1 ,0 ,1
68 ,0 ,456 ,91 ,0 ,0 ,0 ,0 ,10 ,0 ,2811 ,0 ,0 ,0 ,0 ,0 ,0 ,-8 ,0 ,0 ,1 ,0 ,1
70 ,0 ,1 ,0 ,18 ,0 ,0 ,0 ,0 ,6 ,18 ,0 ,0 ,0 ,0 ,0 ,0 ,-8 ,0 ,0 ,0 ,0 ,1
659060 ,0 ,9 ,82 ,0 ,0 ,0 ,0 ,0 ,6 ,15 ,0 ,0 ,0 ,0 ,0 ,27 ,0 ,0 ,4 ,3 ,0 ,1
73 ,196 ,0 ,0 ,47 ,0 ,2 ,0 ,0 ,7 ,0 ,0 ,0 ,0 ,0 ,0 ,0 ,0 ,0 ,0 ,0 ,60 ,1
6860 ,159 ,3 ,0 ,0 ,0 ,0 ,0 ,0 ,7 ,-9 ,0 ,0 ,0 ,0 ,0 ,0 ,-9 ,0 ,0 ,0 ,100 ,1
56 ,137 ,0 ,69 ,0 ,0 ,0 ,0 ,0 ,0 ,29 ,0 ,0 ,0 ,0 ,2 ,42 ,0 ,0 ,0 ,0 ,0 ,1
0 ,202 ,8 ,85 ,0 ,0 ,0 ,0 ,0 ,6 ,34 ,0 ,19 ,0 ,0 ,0 ,0 ,0 ,0 ,0 ,0 ,45 ,1
689060 ,0 ,8 ,69 ,0 ,0 ,0 ,0 ,-7 ,7 ,0 ,0 ,0 ,0 ,0 ,0 ,0 ,86 ,0 ,0 ,2 ,42 ,1
6760 ,218 ,524 ,70 ,0 ,0 ,0 ,0 ,0 ,6 ,2700 ,0 ,56 ,0 ,0 ,3 ,22 ,0 ,0 ,0 ,0 ,0 ,1
69 ,0 ,0 ,61 ,743 ,0 ,0 ,0 ,0 ,7 ,20 ,0 ,0 ,0 ,0 ,0 ,1 ,78 ,0 ,2 ,0 ,0 ,1
77 ,193 ,5 ,94 ,0 ,0 ,0 ,100 ,0 ,7 ,15 ,0 ,0 ,0 ,0 ,0 ,0 ,0 ,0 ,1 ,0 ,75000 ,1
88 ,153 ,0 ,52 ,0 ,0 ,0 ,0 ,0 ,0 ,14 ,0 ,33 ,0 ,0 ,0 ,0 ,0 ,4 ,0 ,3 ,0 ,1
65 ,196 ,0 ,6790 ,0 ,0 ,0 ,0 ,0 ,7 ,0 ,0 ,-9 ,-9 ,0 ,0 ,-8 ,0 ,0 ,0 ,3 ,-9 ,1
87 ,208 ,0 ,59 ,0 ,0 ,0 ,0 ,0 ,6 ,1522 ,0 ,21 ,0 ,0 ,0 ,18 ,0 ,0 ,0 ,0 ,0 ,1
66 ,184 ,0 ,0 ,0 ,0 ,0 ,0 ,0 ,7 ,0 ,0 ,35 ,0 ,0 ,0 ,639 ,0 ,0 ,0 ,0 ,0 ,1
60 ,155 ,0 ,7660 ,0 ,0 ,0 ,0 ,0 ,6 ,0 ,0 ,46 ,0 ,0 ,0 ,33 ,0 ,0 ,0 ,3 ,0 ,1
6560 ,0 ,0 ,55 ,0 ,0 ,0 ,100 ,0 ,7 ,30 ,0 ,0 ,0 ,2 ,0 ,49 ,0 ,0 ,0 ,0 ,0 ,1
77 ,0 ,0 ,6560 ,0 ,0 ,0 ,0 ,0 ,6 ,18 ,0 ,38 ,0 ,0 ,0 ,0 ,0 ,0 ,2 ,0 ,0 ,1
68 ,0 ,474 ,0 ,0 ,0 ,0 ,0 ,-7 ,7 ,0 ,0 ,40 ,0 ,0 ,0 ,0 ,0 ,0 ,0 ,2 ,0 ,1
64 ,0 ,477 ,96 ,16 ,0 ,0 ,0 ,0 ,7 ,8 ,0 ,50 ,0 ,0 ,0 ,36 ,0 ,0 ,0 ,0 ,0 ,1
84 ,0 ,2 ,0 ,0 ,0 ,0 ,100 ,0 ,7 ,0 ,0 ,0 ,0 ,0 ,0 ,0 ,-8 ,4 ,0 ,0 ,0 ,1
0 ,0 ,5 ,887 ,0 ,2 ,0 ,0 ,0 ,6 ,0 ,0 ,0 ,-8 ,0 ,0 ,6 ,0 ,0 ,0 ,3 ,78 ,1
61 ,0 ,4 ,70120160 ,0 ,0 ,0 ,0 ,0 ,4 ,32 ,0 ,60 ,0 ,3 ,0 ,0 ,0 ,8 ,0 ,0 ,0 ,1
81 ,0 ,0 ,78 ,1822 ,0 ,0 ,0 ,0 ,0 ,0 ,5 ,31 ,0 ,0 ,0 ,0 ,-8 ,6 ,0 ,0 ,83 ,1
0 ,0 ,0 ,104 ,0 ,0 ,0 ,0 ,0 ,77 ,6 ,0 ,0 ,0 ,0 ,0 ,0 ,-9 ,0 ,0 ,0 ,-9 ,1
6460 ,0 ,8 ,0 ,0 ,0 ,0 ,89 ,0 ,0 ,0 ,0 ,0 ,0 ,0 ,0 ,0 ,65 ,1 ,0 ,2 ,0 ,1
0 ,0 ,0 ,79 ,0 ,0 ,2 ,0 ,0 ,7 ,0 ,0 ,0 ,0 ,0 ,0 ,31 ,0 ,0 ,0 ,2 ,0 ,1
7660 ,0 ,0 ,54 ,0 ,0 ,0 ,0 ,-7 ,7 ,0 ,0 ,19 ,0 ,0 ,0 ,0 ,0 ,0 ,0 ,8 ,0 ,1
60 ,191 ,2 ,5660 ,0 ,0 ,0 ,0 ,0 ,4 ,2022 ,0 ,33 ,0 ,0 ,0 ,0 ,0 ,0 ,0 ,0 ,0 ,1
66 ,137 ,0 ,74 ,0 ,0 ,0 ,0 ,0 ,6 ,15 ,0 ,0 ,0 ,0 ,0 ,33 ,0 ,5 ,0 ,2 ,56 ,1
0 ,183 ,0 ,89 ,0 ,0 ,0 ,0 ,6 ,7 ,0 ,0 ,0 ,0 ,0 ,0 ,42 ,0 ,0 ,0 ,0 ,0 ,1
75 ,187 ,10 ,70609012 ,0 ,0 ,0 ,0 ,0 ,6 ,0 ,3 ,0 ,0 ,0 ,0 ,0 ,-8 ,0 ,0 ,1 ,0 ,1
56 ,0 ,0 ,54 ,0 ,0 ,0 ,0 ,0 ,7 ,0 ,0 ,0 ,0 ,0 ,1 ,34 ,0 ,6 ,0 ,0 ,0 ,1
88 ,0 ,3 ,104 ,0 ,0 ,0 ,100 ,0 ,7 ,0 ,0 ,0 ,0 ,0 ,0 ,0 ,0 ,0 ,0 ,0 ,50 ,1
6790 ,0 ,4 ,5860 ,0 ,0 ,0 ,0 ,397 ,0 ,0 ,0 ,17 ,0 ,0 ,0 ,24 ,0 ,0 ,0 ,0 ,0 ,1
736790 ,0 ,2 ,71 ,0 ,0 ,0 ,0 ,0 ,77 ,14 ,0 ,11 ,0 ,0 ,0 ,35 ,0 ,3 ,0 ,0 ,0 ,1
0 ,0 ,0 ,53 ,0 ,0 ,0 ,10090 ,0 ,6 ,0 ,0 ,18 ,0 ,0 ,0 ,0 ,-8 ,0 ,0 ,0 ,0 ,1
63 ,184 ,7 ,0 ,34 ,0 ,0 ,0 ,0 ,7 ,0 ,0 ,0 ,0 ,1 ,0 ,4 ,0 ,5 ,0 ,0 ,0 ,1
82 ,0 ,0 ,86 ,0 ,0 ,0 ,0 ,0 ,0 ,0 ,0 ,0 ,0 ,0 ,0 ,13 ,0 ,0 ,0 ,0 ,50 ,1
66 ,0 ,0 ,5680 ,0 ,0 ,0 ,0 ,0 ,7 ,0 ,0 ,20 ,0 ,0 ,2 ,0 ,0 ,0 ,0 ,-8 ,0 ,1
78 ,198 ,0 ,110 ,0 ,0 ,0 ,0 ,0 ,6 ,16 ,0 ,0 ,0 ,0 ,0 ,15 ,0 ,0 ,0 ,0 ,0 ,1
0 ,177 ,0 ,90 ,0 ,0 ,0 ,0 ,0 ,4 ,25 ,0 ,39 ,0 ,0 ,0 ,0 ,0 ,3 ,2 ,0 ,0 ,1
81 ,0 ,0 ,103 ,14 ,0 ,0 ,0 ,12 ,0 ,28 ,0 ,0 ,0 ,0 ,0 ,19 ,-8 ,2 ,0 ,1 ,0 ,1
7260 ,187 ,0 ,59 ,0 ,0 ,0 ,0 ,0 ,6 ,0 ,0 ,0 ,0 ,0 ,0 ,0 ,0 ,7 ,0 ,0 ,0 ,1
83 ,171 ,0 ,7060 ,0 ,0 ,0 ,82 ,0 ,7 ,0 ,0 ,0 ,0 ,0 ,0 ,3 ,0 ,0 ,0 ,0 ,0 ,1
0 ,0 ,3 ,95 ,0 ,0 ,0 ,0 ,0 ,7 ,11 ,0 ,-9 ,0 ,0 ,2 ,-9 ,0 ,0 ,0 ,-9 ,0 ,1
846790 ,0 ,0 ,62 ,0 ,0 ,0 ,0 ,0 ,6 ,27 ,0 ,22 ,0 ,0 ,0 ,0 ,-8 ,0 ,2 ,0 ,56 ,1
6690 ,0 ,0 ,9360 ,0 ,0 ,1 ,0 ,0 ,7 ,0 ,4 ,17 ,0 ,1 ,0 ,0 ,0 ,0 ,0 ,3 ,0 ,1
80 ,0 ,0 ,6260 ,28 ,0 ,0 ,0 ,0 ,7 ,33 ,0 ,0 ,0 ,0 ,0 ,0 ,0 ,0 ,0 ,2 ,63 ,1
0 ,162 ,0 ,75 ,0 ,0 ,0 ,0 ,-9 ,7 ,901 ,0 ,0 ,0 ,0 ,0 ,0 ,-9 ,-903 ,0 ,1 ,0 ,1
0 ,0 ,0 ,73 ,0 ,0 ,0 ,0 ,0 ,6 ,47 ,0 ,29 ,0 ,0 ,0 ,56 ,0 ,0 ,2 ,0 ,0 ,1
0 ,0 ,0 ,926090 ,0 ,0 ,0 ,0 ,0 ,6 ,0 ,0 ,33 ,0 ,0 ,0 ,9 ,0 ,0 ,0 ,0 ,0 ,1
0 ,0 ,0 ,7060 ,0 ,0 ,0 ,100 ,0 ,0 ,25 ,0 ,0 ,0 ,0 ,0 ,19 ,0 ,0 ,0 ,1 ,0 ,1
0 ,207 ,0 ,68 ,0 ,0 ,0 ,0 ,0 ,7 ,0 ,0 ,33 ,0 ,0 ,0 ,6 ,0 ,0 ,0 ,1 ,0 ,1
67 ,0 ,0 ,59 ,0 ,0 ,0 ,0 ,0 ,0 ,0 ,0 ,56 ,0 ,0 ,2 ,0 ,0 ,0 ,0 ,0 ,0 ,1
80 ,0 ,0 ,72 ,0 ,1 ,0 ,0 ,0 ,6 ,0 ,0 ,0 ,0 ,0 ,0 ,8 ,0 ,0 ,0 ,0 ,100 ,1
6560 ,166 ,5 ,607 ,0 ,0 ,0 ,0 ,0 ,6 ,0 ,0 ,0 ,0 ,0 ,0 ,2 ,0 ,0 ,1 ,4 ,0 ,1
66 ,0 ,5 ,7211 ,0 ,1 ,0 ,92 ,0 ,77 ,2944 ,0 ,0 ,0 ,0 ,0 ,0 ,0 ,0 ,0 ,0 ,0 ,1
6560 ,163 ,0 ,44 ,0 ,0 ,3 ,100 ,0 ,6 ,0 ,0 ,45 ,0 ,0 ,0 ,5 ,0 ,2 ,4 ,0 ,0 ,1
6860 ,0 ,0 ,71 ,0 ,0 ,0 ,0 ,11 ,6 ,25 ,0 ,0 ,0 ,0 ,0 ,22 ,0 ,0 ,0 ,3 ,0 ,1
71 ,199 ,9 ,74 ,0 ,0 ,0 ,0 ,60 ,7 ,2411 ,0 ,22 ,0 ,0 ,0 ,49 ,58 ,4 ,2 ,0 ,0 ,1
75 ,0 ,6 ,0 ,0 ,0 ,0 ,0 ,0 ,6 ,0 ,0 ,0 ,0 ,0 ,0 ,11 ,0 ,0 ,2 ,0 ,0 ,1
0 ,0 ,0 ,70 ,0 ,1 ,0 ,0 ,0 ,5 ,0 ,0 ,0 ,0 ,0 ,0 ,10 ,0 ,3 ,1 ,2 ,0 ,1
6960 ,0 ,0 ,54 ,0 ,0 ,0 ,0 ,0 ,6 ,32 ,0 ,47 ,0 ,0 ,0 ,27 ,0 ,0 ,0 ,1 ,0 ,1
0 ,0 ,0 ,82 ,0 ,0 ,0 ,0 ,0 ,7 ,0 ,0 ,0 ,0 ,0 ,0 ,0 ,-8 ,0 ,0 ,3 ,0 ,1
63 ,0 ,0 ,64 ,28 ,0 ,0 ,100 ,0 ,6 ,0 ,0 ,0 ,0 ,0 ,0 ,2 ,0 ,0 ,1 ,0 ,0 ,1
55 ,0 ,0 ,626090 ,0 ,0 ,3 ,0 ,0 ,7 ,0 ,0 ,21 ,0 ,0 ,0 ,587 ,0 ,0 ,0 ,1 ,0 ,1
71 ,150 ,0 ,85609011 ,0 ,0 ,0 ,0 ,0 ,7 ,0 ,0 ,24 ,0 ,0 ,0 ,0 ,84 ,0 ,0 ,0 ,0 ,1
75 ,0 ,0 ,-90360 ,0 ,0 ,0 ,0 ,16 ,6 ,51 ,0 ,0 ,0 ,0 ,0 ,0 ,67 ,0 ,0 ,2 ,0 ,1
79 ,162 ,569 ,0 ,23 ,0 ,0 ,0 ,0 ,7 ,19 ,0 ,40 ,1 ,0 ,0 ,14 ,0 ,0 ,0 ,0 ,0 ,1
0 ,0 ,0 ,77 ,0 ,0 ,0 ,0 ,0 ,6 ,0 ,0 ,0 ,0 ,0 ,0 ,64 ,0 ,0 ,0 ,2 ,60 ,1
10090 ,0 ,0 ,-9711 ,-9 ,4 ,0 ,96 ,0 ,0 ,0 ,0 ,0 ,0 ,0 ,0 ,0 ,-8 ,0 ,2 ,0 ,0 ,1
70 ,159 ,0 ,0 ,0 ,0 ,0 ,0 ,-7 ,7 ,0 ,0 ,298 ,0 ,2 ,0 ,43 ,0 ,0 ,0 ,3 ,0 ,1
68 ,0 ,3 ,94 ,19 ,0 ,0 ,0 ,0 ,7 ,393 ,0 ,0 ,0 ,0 ,0 ,18 ,0 ,0 ,1 ,0 ,0 ,1
72 ,0 ,0 ,54 ,0 ,0 ,0 ,0 ,0 ,6 ,0 ,0 ,0 ,0 ,0 ,1 ,0 ,-8 ,0 ,0 ,0 ,0 ,1
82 ,0 ,0 ,906090 ,0 ,0 ,0 ,0 ,0 ,7 ,0 ,0 ,0 ,0 ,0 ,0 ,0 ,0 ,0 ,0 ,2 ,67 ,1
68 ,0 ,23 ,0 ,0 ,0 ,0 ,0 ,-7 ,7 ,19 ,0 ,458 ,0 ,0 ,0 ,46 ,0 ,0 ,0 ,3 ,0 ,1
58 ,0 ,0 ,66 ,0 ,0 ,0 ,95 ,0 ,6 ,0 ,0 ,0 ,2 ,0 ,0 ,0 ,0 ,0 ,0 ,0 ,0 ,1
70 ,197 ,0 ,69 ,0 ,0 ,0 ,0 ,-7 ,0 ,18129022 ,0 ,0 ,0 ,0 ,0 ,7 ,0 ,0 ,0 ,0 ,0 ,1
73 ,0 ,7 ,81 ,19 ,0 ,0 ,0 ,0 ,7 ,37 ,0 ,0 ,0 ,0 ,0 ,49 ,0 ,5 ,0 ,2 ,0 ,1
0 ,9 ,0 ,9460 ,-9 ,0 ,0 ,0 ,0 ,6 ,29 ,0 ,35 ,0 ,0 ,0 ,24 ,0 ,0 ,0 ,3 ,0 ,1
88 ,176 ,0 ,76 ,0 ,0 ,0 ,0 ,18 ,0 ,0 ,0 ,30 ,0 ,0 ,0 ,0 ,-8 ,0 ,0 ,0 ,0 ,1
59 ,159 ,0 ,93609022 ,0 ,0 ,0 ,0 ,0 ,0 ,15 ,0 ,0 ,0 ,0 ,0 ,0 ,-8 ,0 ,0 ,2 ,0 ,1
596090 ,163 ,0 ,68 ,0 ,0 ,0 ,0 ,0 ,6 ,26 ,0 ,0 ,0 ,0 ,1 ,0 ,-8 ,2 ,0 ,3 ,0 ,1
6874 ,0 ,0 ,7660 ,0 ,0 ,0 ,0 ,0 ,7 ,43 ,0 ,0 ,0 ,0 ,2 ,5 ,0 ,0 ,0 ,0 ,80 ,1
76679060 ,0 ,0 ,82 ,0 ,0 ,0 ,0 ,0 ,6 ,19 ,0 ,44 ,0 ,0 ,0 ,13 ,0 ,0 ,0 ,0 ,0 ,1
75 ,256 ,0 ,0 ,0 ,0 ,0 ,0 ,0 ,0 ,0 ,0 ,18 ,0 ,0 ,0 ,12 ,0 ,0 ,6 ,-8 ,0 ,1
84 ,198 ,0 ,73 ,0 ,0 ,0 ,0 ,0 ,63600 ,0 ,0 ,25 ,1 ,0 ,0 ,0 ,0 ,0 ,0 ,0 ,0 ,1
87 ,184 ,0 ,0 ,11 ,0 ,0 ,0 ,0 ,4 ,32 ,0 ,22 ,1 ,0 ,0 ,44 ,0 ,0 ,0 ,3 ,0 ,1
68 ,0 ,0 ,85 ,11 ,0 ,2 ,0 ,0 ,0 ,27 ,0 ,26 ,0 ,0 ,0 ,0 ,-8 ,0 ,0 ,0 ,0 ,1
79 ,0 ,0 ,936090 ,0 ,0 ,0 ,0 ,0 ,7 ,2060 ,0 ,39 ,0 ,0 ,1 ,34 ,0 ,0 ,0 ,0 ,0 ,1
68 ,0 ,8 ,946090 ,0 ,0 ,0 ,100 ,0 ,77 ,0 ,1 ,0 ,0 ,0 ,0 ,6 ,0 ,0 ,0 ,0 ,0 ,1
84 ,0 ,0 ,111 ,0 ,0 ,0 ,0 ,-7 ,7 ,0 ,0 ,0 ,0 ,0 ,0 ,0 ,79 ,2 ,0 ,1 ,75 ,1
87 ,0 ,0 ,946090 ,0 ,0 ,3 ,0 ,0 ,0 ,0 ,0 ,33 ,0 ,0 ,0 ,0 ,0 ,0 ,1 ,0 ,0 ,1
70 ,0 ,0 ,80 ,0 ,0 ,0 ,0 ,0 ,0 ,0 ,0 ,0 ,0 ,0 ,1 ,0 ,-8 ,0 ,0 ,0 ,0 ,1
7460 ,163 ,0 ,67 ,3300 ,0 ,0 ,0 ,34 ,7 ,32 ,0 ,33 ,0 ,0 ,0 ,2 ,0 ,0 ,0 ,-8 ,0 ,1
64 ,0 ,0 ,0 ,23 ,0 ,0 ,0 ,0 ,7 ,0 ,0 ,13 ,0 ,0 ,3 ,0 ,0 ,0 ,0 ,0 ,0 ,1
88 ,182 ,0 ,5966 ,0 ,0 ,0 ,0 ,0 ,0 ,0 ,0 ,0 ,0 ,2 ,0 ,19 ,0 ,0 ,0 ,3 ,0 ,1
67 ,0 ,10 ,83 ,0 ,0 ,0 ,0 ,0 ,6 ,1438 ,0 ,25 ,0 ,0 ,0 ,8 ,0 ,0 ,0 ,0 ,0 ,1
73 ,0 ,3 ,63609067 ,16 ,0 ,0 ,0 ,-7 ,7 ,26 ,0 ,0 ,6 ,0 ,0 ,12 ,0 ,0 ,0 ,0 ,0 ,1
67 ,190 ,0 ,0 ,0 ,0 ,0 ,0 ,0 ,0 ,6 ,0 ,29 ,0 ,0 ,3 ,0 ,0 ,0 ,0 ,0 ,0 ,1
68 ,0 ,0 ,0 ,17 ,0 ,0 ,0 ,0 ,6 ,26 ,0 ,33 ,0 ,0 ,0 ,17 ,0 ,0 ,0 ,0 ,0 ,1
73 ,0 ,0 ,0 ,0 ,0 ,0 ,0 ,0 ,6 ,0 ,0 ,0 ,0 ,0 ,0 ,73 ,0 ,7 ,0 ,8 ,0 ,1
71 ,0 ,0 ,656090 ,0 ,0 ,0 ,0 ,0 ,6 ,32 ,0 ,50 ,0 ,0 ,2 ,393 ,0 ,0 ,0 ,3 ,0 ,1
79 ,0 ,3 ,0 ,0 ,0 ,0 ,0 ,0 ,7 ,1401 ,0 ,44 ,0 ,0 ,0 ,0 ,0 ,0 ,0 ,2 ,0 ,1
0 ,0 ,15 ,666090 ,0 ,0 ,0 ,0 ,0 ,6 ,0 ,0 ,0 ,0 ,0 ,1 ,12 ,0 ,0 ,0 ,5 ,0 ,1
746090 ,0 ,9 ,77 ,0 ,0 ,0 ,0 ,0 ,6 ,0 ,0 ,0 ,0 ,0 ,0 ,0 ,-8 ,0 ,0 ,2 ,0 ,1
6568 ,160 ,10 ,66 ,0 ,0 ,0 ,0 ,0 ,6 ,860 ,0 ,0 ,0 ,0 ,2 ,0 ,0 ,4 ,0 ,0 ,0 ,1
72 ,198 ,0 ,94 ,0 ,0 ,0 ,0 ,0 ,7 ,29 ,0 ,18 ,0 ,0 ,0 ,0 ,0 ,0 ,0 ,1 ,0 ,1
7060 ,163 ,0 ,0 ,0 ,0 ,0 ,100 ,0 ,6 ,0 ,0 ,0 ,0 ,0 ,0 ,0 ,-8 ,0 ,0 ,0 ,0 ,1
0 ,0 ,10 ,0 ,0 ,0 ,0 ,0 ,0 ,0 ,0 ,0 ,33 ,-7 ,0 ,0 ,6 ,0 ,0 ,0 ,1 ,0 ,1
7160 ,0 ,0 ,791 ,0 ,0 ,0 ,0 ,0 ,7 ,13 ,0 ,57 ,0 ,0 ,0 ,51 ,0 ,0 ,0 ,5 ,0 ,1
63 ,152 ,0 ,97 ,0 ,0 ,1 ,0 ,0 ,7 ,0 ,0 ,38 ,0 ,0 ,0 ,0 ,91 ,0 ,0 ,0 ,0 ,1
89 ,0 ,0 ,64 ,0 ,0 ,0 ,0 ,0 ,7 ,0 ,0 ,0 ,0 ,0 ,0 ,32 ,0 ,0 ,4 ,0 ,0 ,1
88 ,0 ,0 ,67 ,0 ,0 ,1 ,0 ,0 ,667 ,1422 ,0 ,32 ,0 ,0 ,0 ,0 ,0 ,3 ,0 ,0 ,0 ,1
7774 ,171 ,3 ,9360 ,0 ,0 ,1 ,0 ,0 ,0 ,31 ,0 ,938 ,0 ,1 ,0 ,3 ,0 ,0 ,0 ,-9188 ,0 ,1
8760 ,0 ,0 ,86 ,0 ,0 ,2 ,0 ,0 ,7 ,0 ,0 ,0 ,0 ,0 ,0 ,0 ,-8 ,2 ,0 ,3 ,0 ,1
786056 ,199 ,2 ,111 ,0 ,0 ,0 ,0 ,0 ,0 ,0 ,0 ,50 ,0 ,0 ,0 ,4 ,0 ,0 ,0 ,1 ,0 ,1
67 ,0 ,486 ,0 ,28 ,0 ,0 ,0 ,397 ,7 ,0 ,0 ,0 ,0 ,0 ,0 ,57 ,0 ,0 ,0 ,6 ,0 ,1
58 ,0 ,0 ,85 ,0 ,0 ,0 ,100 ,0 ,6 ,0 ,0 ,0 ,7 ,0 ,0 ,0 ,-8 ,5 ,0 ,1 ,0 ,1
0 ,0 ,0 ,80 ,0 ,0 ,0 ,0 ,0 ,6 ,0 ,0 ,0 ,0 ,0 ,0 ,0 ,-8 ,2 ,0 ,0 ,20 ,1
60 ,0 ,0 ,93 ,0 ,0 ,0 ,0 ,0 ,0 ,1621 ,0 ,2837 ,0 ,0 ,0 ,0 ,-8 ,0 ,0 ,0 ,0 ,1
84 ,0 ,0 ,110 ,0 ,0 ,0 ,0 ,0 ,61156 ,29 ,0 ,44 ,0 ,0 ,3 ,35 ,0 ,0 ,0 ,4 ,0 ,1
89 ,141 ,0 ,61 ,2612 ,0 ,0 ,0 ,0 ,6 ,0 ,0 ,0 ,0 ,0 ,0 ,0 ,0 ,4 ,0 ,0 ,50 ,1
69 ,159 ,0 ,976090 ,0 ,0 ,0 ,76 ,0 ,6 ,0 ,0 ,30 ,0 ,0 ,0 ,0 ,-8 ,0 ,0 ,0 ,0 ,1
74 ,198 ,678 ,0 ,0 ,0 ,0 ,0 ,0 ,0 ,52 ,0 ,0 ,0 ,0 ,0 ,0 ,71 ,0 ,0 ,0 ,0 ,1
85 ,203 ,0 ,76 ,0 ,0 ,0 ,0 ,0 ,4 ,33 ,0 ,12 ,0 ,0 ,0 ,0 ,88 ,7 ,0 ,0 ,0 ,1
8760 ,0 ,0 ,8390 ,0 ,0 ,0 ,0 ,0 ,6 ,11 ,0 ,0 ,0 ,0 ,0 ,3 ,0 ,0 ,0 ,1 ,67 ,1
60 ,0 ,0 ,74 ,0 ,6 ,0 ,0 ,0 ,4 ,22 ,0 ,16 ,0 ,0 ,0 ,0 ,0 ,3 ,0 ,1 ,0 ,1
73 ,16775 ,0 ,80 ,15376090 ,0 ,0 ,0 ,0 ,0 ,0 ,0 ,25 ,0 ,0 ,0 ,24 ,0 ,0 ,0 ,0 ,388 ,1
7467 ,0 ,0 ,46 ,0 ,1 ,0 ,0 ,0 ,7 ,24 ,0 ,32 ,0 ,0 ,0 ,0 ,0 ,0 ,0 ,0 ,0 ,1
83 ,0 ,0 ,8890 ,20 ,0 ,0 ,0 ,0 ,6 ,23 ,0 ,53 ,0 ,0 ,0 ,-8 ,0 ,0 ,0 ,0 ,75 ,1
8760 ,193 ,0 ,98 ,13744 ,0 ,0 ,0 ,-7 ,7 ,0 ,0 ,0 ,0 ,0 ,0 ,0 ,-8 ,1 ,0 ,0 ,0 ,1
89 ,-94 ,0 ,0 ,0 ,0 ,0 ,0 ,32 ,7 ,2044 ,0 ,0 ,0 ,0 ,0 ,0 ,-8 ,0 ,0 ,2 ,0 ,1
616090 ,0 ,3 ,57 ,278 ,0 ,0 ,0 ,0 ,0 ,6 ,0 ,0 ,0 ,0 ,0 ,17 ,0 ,0 ,0 ,-8 ,0 ,1
61 ,162 ,0 ,74 ,0 ,0 ,0 ,0 ,0 ,7 ,0 ,0 ,12 ,0 ,0 ,2 ,38 ,0 ,0 ,0 ,4 ,0 ,1
70 ,0 ,63824 ,679060 ,0 ,0 ,0 ,0 ,0 ,7 ,26 ,1 ,0 ,0 ,0 ,0 ,0 ,81 ,0 ,0 ,1 ,0 ,1
74 ,164 ,13 ,98 ,0 ,0 ,0 ,0 ,0 ,7 ,0 ,0 ,50 ,0 ,0 ,0 ,9 ,0 ,3 ,0 ,1 ,0 ,1
0 ,282 ,0 ,79 ,0 ,1 ,0 ,0 ,0 ,7 ,2620 ,0 ,0 ,0 ,0 ,0 ,49 ,0 ,0 ,0 ,0 ,0 ,1
78 ,165 ,0 ,73 ,16 ,0 ,0 ,0 ,0 ,6 ,0 ,0 ,19 ,0 ,0 ,0 ,0 ,0 ,9 ,0 ,0 ,0 ,1
8560 ,0 ,0 ,57 ,0 ,0 ,0 ,0 ,0 ,4 ,0 ,0 ,35 ,0 ,0 ,0 ,36 ,0 ,0 ,2 ,3 ,0 ,1
60 ,0 ,0 ,84 ,0 ,0 ,0 ,0 ,0 ,7 ,0 ,0 ,0 ,0 ,0 ,0 ,0 ,-9 ,3 ,0 ,0 ,0 ,1
0 ,191 ,0 ,69 ,0 ,0 ,0 ,100 ,0 ,6 ,0 ,0 ,0 ,0 ,0 ,0 ,0 ,-8 ,3 ,0 ,1 ,0 ,1
66 ,0 ,21 ,62609037 ,0 ,0 ,0 ,0 ,0 ,7 ,3600 ,0 ,24 ,0 ,0 ,0 ,0 ,0 ,0 ,0 ,0 ,0 ,1
0 ,178 ,8 ,91 ,0 ,0 ,0 ,0 ,3 ,0 ,0 ,0 ,287 ,0 ,0 ,0 ,42 ,0 ,0 ,2 ,0 ,606 ,1
58 ,0 ,10 ,9260 ,0 ,0 ,0 ,0 ,0 ,7 ,0 ,0 ,16 ,0 ,0 ,0 ,0 ,0 ,0 ,3 ,0 ,0 ,1
91 ,0 ,10 ,57 ,25 ,0 ,0 ,0 ,-7 ,7 ,0 ,0 ,0 ,0 ,0 ,0 ,14 ,0 ,0 ,0 ,0 ,0 ,1
74 ,0 ,0 ,95 ,211260 ,0 ,0 ,0 ,0 ,4 ,0 ,0 ,36 ,0 ,0 ,0 ,1 ,0 ,0 ,0 ,0 ,0 ,1
88 ,0 ,0 ,956090 ,0 ,0 ,0 ,0 ,0 ,7 ,0 ,0 ,0 ,0 ,0 ,0 ,0 ,-8 ,9 ,0 ,0 ,73 ,1
69 ,0 ,0 ,69 ,17 ,0 ,0 ,0 ,0 ,6 ,0 ,0 ,0 ,0 ,0 ,0 ,0 ,-8 ,0 ,0 ,1 ,79 ,1
766095 ,0 ,23 ,109 ,0 ,0 ,0 ,0 ,0 ,6 ,272800 ,0 ,14 ,0 ,0 ,0 ,12 ,0 ,4 ,0 ,0 ,0 ,1
76 ,0 ,0 ,6460 ,22 ,0 ,0 ,0 ,0 ,7 ,0 ,0 ,0 ,0 ,0 ,0 ,0 ,-8 ,0 ,0 ,0 ,60 ,1
70 ,0 ,464 ,766090 ,0 ,0 ,0 ,100 ,0 ,6 ,0 ,0 ,0 ,0 ,0 ,0 ,31 ,0 ,0 ,0 ,0 ,0 ,1
91 ,-818 ,0 ,9390 ,0 ,0 ,0 ,0 ,0 ,7 ,16 ,0 ,0 ,0 ,0 ,0 ,0 ,-8 ,0 ,0 ,0 ,44 ,1
87 ,0 ,3 ,68 ,0 ,2 ,0 ,0 ,0 ,6 ,28 ,0 ,0 ,0 ,0 ,0 ,27 ,0 ,0 ,0 ,0 ,75 ,1
74 ,182 ,0 ,94 ,0 ,0 ,0 ,100 ,0 ,7 ,394 ,0 ,0 ,0 ,0 ,0 ,63 ,0 ,0 ,0 ,0 ,0 ,1
69 ,177 ,13 ,74 ,0 ,0 ,0 ,0 ,0 ,7 ,1537 ,0 ,37 ,0 ,0 ,0 ,8 ,0 ,0 ,0 ,0 ,0 ,1
89 ,0 ,0 ,91 ,0 ,0 ,0 ,0 ,7 ,6 ,0 ,0 ,26 ,0 ,0 ,0 ,0 ,0 ,0 ,0 ,8 ,57 ,1
0 ,183 ,0 ,776090 ,0 ,0 ,0 ,0 ,-7 ,7 ,0 ,0 ,18 ,0 ,0 ,0 ,0 ,0 ,5 ,0 ,0 ,0 ,1
0 ,137 ,15 ,0 ,0 ,0 ,0 ,0 ,1 ,6 ,0 ,0 ,0 ,0 ,0 ,2 ,0 ,-8 ,3 ,0 ,0 ,0 ,1
0 ,175 ,0 ,5600 ,0 ,0 ,0 ,0 ,0 ,7 ,25 ,0 ,0 ,0 ,0 ,0 ,6 ,0 ,0 ,0 ,0 ,0 ,1
6660 ,131 ,3 ,7375 ,0 ,0 ,0 ,0 ,0 ,6 ,2560 ,0 ,29 ,0 ,0 ,0 ,0 ,51 ,0 ,0 ,2 ,63 ,1
59 ,0 ,0 ,816090 ,0 ,0 ,0 ,0 ,0 ,6 ,0 ,0 ,44 ,0 ,0 ,0 ,36 ,0 ,0 ,0 ,0 ,0 ,1
85 ,183 ,0 ,0 ,0 ,0 ,0 ,0 ,0 ,0 ,19 ,0 ,32 ,0 ,0 ,1 ,58 ,0 ,0 ,0 ,0 ,0 ,1
90 ,0 ,3 ,796090 ,0 ,0 ,0 ,0 ,0 ,0 ,2612 ,0 ,0 ,2 ,0 ,0 ,0 ,-8 ,0 ,0 ,3 ,0 ,1
75 ,0 ,0 ,0 ,22 ,0 ,0 ,0 ,0 ,7 ,0 ,0 ,30 ,0 ,0 ,0 ,17 ,0 ,0 ,0 ,1 ,0 ,1
67 ,161 ,0 ,84 ,361 ,2 ,0 ,0 ,-7 ,0 ,6 ,0 ,0 ,0 ,0 ,0 ,0 ,-8 ,0 ,0 ,0 ,0 ,1
6690 ,0 ,0 ,0 ,19 ,0 ,0 ,0 ,0 ,-7 ,18 ,0 ,9 ,0 ,0 ,0 ,0 ,-9 ,0 ,0 ,0 ,0 ,1
68 ,0 ,7 ,826090 ,0 ,0 ,0 ,0 ,0 ,6 ,0 ,0 ,17 ,0 ,0 ,0 ,3 ,0 ,0 ,0 ,0 ,0 ,1
60 ,0 ,0 ,70 ,0 ,0 ,0 ,0 ,0 ,0 ,0 ,0 ,31 ,0 ,0 ,3 ,23 ,0 ,0 ,0 ,2 ,0 ,1
7264 ,0 ,0 ,776090 ,0 ,0 ,0 ,0 ,-9 ,774 ,0 ,0 ,358 ,0 ,0 ,0 ,0 ,0 ,0 ,0 ,0 ,0 ,1
799060 ,-8 ,0 ,0 ,0 ,0 ,0 ,0 ,0 ,7 ,16 ,0 ,0 ,0 ,0 ,0 ,8 ,0 ,0 ,2 ,0 ,0 ,1
766090 ,0 ,0 ,103 ,0 ,0 ,0 ,0 ,0 ,6 ,20 ,0 ,0 ,0 ,0 ,0 ,0 ,0 ,0 ,0 ,0 ,67 ,1
7060 ,0 ,0 ,0 ,0 ,0 ,0 ,0 ,0 ,7 ,0 ,0 ,23 ,0 ,2 ,0 ,21 ,0 ,0 ,0 ,0 ,0 ,1
89 ,190 ,0 ,6360 ,0 ,0 ,0 ,0 ,0 ,6 ,33 ,0 ,0 ,0 ,0 ,0 ,0 ,64 ,8 ,0 ,1 ,0 ,1
68 ,0 ,3 ,69 ,0 ,0 ,0 ,0 ,0 ,0 ,77 ,0 ,26 ,0 ,6 ,4 ,0 ,0 ,5 ,0 ,2 ,0 ,1
74 ,0 ,0 ,52 ,17 ,0 ,0 ,0 ,0 ,7 ,21 ,0 ,45 ,0 ,0 ,0 ,0 ,93 ,0 ,0 ,0 ,100 ,1
857460 ,0 ,0 ,0 ,23 ,0 ,0 ,0 ,0 ,0 ,32 ,0 ,33 ,0 ,0 ,0 ,32 ,0 ,0 ,0 ,1 ,0 ,1
78 ,0 ,0 ,72 ,0 ,3 ,0 ,100 ,0 ,7 ,17 ,4 ,29 ,0 ,0 ,0 ,18 ,0 ,0 ,0 ,1 ,0 ,1
0 ,162 ,8 ,84 ,0 ,0 ,0 ,0 ,0 ,6 ,0 ,0 ,0 ,0 ,0 ,0 ,22 ,0 ,0 ,2 ,0 ,0 ,1
8660 ,131 ,0 ,77 ,0 ,0 ,0 ,0 ,18 ,6 ,19 ,0 ,0 ,0 ,0 ,0 ,0 ,57 ,0 ,0 ,0 ,0 ,1
8160 ,0 ,0 ,79 ,0 ,0 ,0 ,0 ,0 ,7 ,0 ,0 ,25 ,0 ,0 ,0 ,10 ,0 ,0 ,0 ,3 ,0 ,1
80 ,159 ,0 ,0 ,0 ,0 ,0 ,0 ,0 ,7 ,0 ,0 ,33 ,0 ,0 ,0 ,963 ,0 ,0 ,0 ,0 ,0 ,1
72 ,0 ,0 ,81 ,381 ,0 ,0 ,0 ,0 ,0 ,21 ,0 ,0 ,0 ,0 ,0 ,0 ,56 ,4 ,0 ,0 ,0 ,1
75 ,160 ,0 ,57 ,0 ,0 ,0 ,0 ,0 ,7 ,0 ,0 ,0 ,0 ,0 ,0 ,2 ,0 ,0 ,0 ,1 ,0 ,1
6690 ,203 ,0 ,0 ,0 ,0 ,0 ,0 ,0 ,6 ,0 ,0 ,67 ,0 ,0 ,0 ,0 ,0 ,0 ,0 ,0 ,0 ,1
75 ,0 ,856 ,8890 ,0 ,0 ,0 ,0 ,-7 ,7 ,21 ,0 ,0 ,0 ,0 ,0 ,0 ,0 ,5 ,0 ,0 ,0 ,1
58 ,0 ,0 ,72 ,0 ,0 ,0 ,100 ,0 ,7 ,13 ,0 ,0 ,0 ,0 ,0 ,4 ,0 ,0 ,0 ,0 ,60 ,1
0 ,0 ,0 ,101 ,0 ,0 ,0 ,100 ,0 ,6 ,0 ,0 ,0 ,0 ,0 ,0 ,0 ,76 ,0 ,1 ,-8 ,0 ,1
626090 ,211 ,0 ,82 ,0 ,0 ,0 ,0 ,0 ,0 ,0 ,0 ,46 ,0 ,0 ,0 ,21 ,0 ,0 ,0 ,0 ,0 ,1
76 ,0 ,0 ,0 ,21 ,0 ,0 ,0 ,0 ,7 ,22 ,0 ,0 ,0 ,0 ,0 ,0 ,0 ,0 ,0 ,2 ,0 ,1
74 ,0 ,0 ,102 ,21 ,0 ,0 ,0 ,0 ,73600 ,32 ,0 ,25 ,0 ,0 ,0 ,12 ,0 ,0 ,0 ,3 ,0 ,1
7790 ,0 ,611 ,0 ,0 ,0 ,0 ,0 ,0 ,0 ,297 ,0 ,0 ,0 ,0 ,0 ,49 ,0 ,0 ,0 ,3 ,0 ,1
8860 ,131 ,0 ,54 ,0 ,0 ,0 ,0 ,0 ,0 ,0 ,0 ,29 ,-8 ,0 ,0 ,42 ,0 ,0 ,0 ,2 ,0 ,1
65 ,176 ,0 ,607 ,18 ,2 ,0 ,0 ,0 ,0 ,0 ,0 ,50 ,0 ,0 ,0 ,0 ,-8 ,12 ,0 ,3 ,67 ,1
84 ,0 ,0 ,97 ,0 ,0 ,0 ,100 ,0 ,7 ,14 ,0 ,0 ,0 ,0 ,0 ,0 ,98 ,0 ,3 ,2 ,0 ,1
87 ,0 ,0 ,93 ,0 ,0 ,0 ,0 ,0 ,0 ,2711 ,0 ,0 ,0 ,0 ,0 ,33 ,0 ,0 ,0 ,0 ,0 ,1
77 ,0 ,0 ,9360 ,0 ,0 ,0 ,0 ,0 ,0 ,611 ,0 ,45 ,0 ,0 ,0 ,0 ,-8 ,0 ,0 ,0 ,0 ,1
58 ,0 ,0 ,7460 ,0 ,0 ,0 ,0 ,0 ,0 ,13 ,0 ,19 ,0 ,0 ,0 ,0 ,-8 ,3 ,0 ,0 ,0 ,1
86 ,0 ,561 ,676090 ,0 ,0 ,0 ,0 ,0 ,0 ,9 ,0 ,0 ,0 ,0 ,0 ,0 ,0 ,2 ,0 ,0 ,0 ,1
54 ,0 ,0 ,0 ,13902260 ,0 ,0 ,100 ,0 ,0 ,0 ,0 ,0 ,0 ,0 ,0 ,0 ,0 ,3 ,0 ,0 ,0 ,1
85 ,0 ,0 ,1008 ,0 ,0 ,0 ,100 ,0 ,7 ,0 ,0 ,0 ,0 ,0 ,0 ,0 ,0 ,0 ,0 ,0 ,75 ,1
75 ,0 ,0 ,656090641213 ,28 ,0 ,0 ,0 ,0 ,7 ,0 ,0 ,-9 ,0 ,0 ,0 ,-9 ,0 ,0 ,0 ,-9 ,0 ,1
69 ,0 ,0 ,936090 ,0 ,0 ,0 ,0 ,0 ,0 ,29 ,1 ,11 ,0 ,0 ,0 ,0 ,0 ,0 ,0 ,2 ,0 ,1
89 ,0 ,0 ,71 ,0 ,0 ,0 ,100 ,0 ,77 ,23 ,0 ,56 ,0 ,0 ,0 ,3 ,0 ,0 ,0 ,0 ,0 ,1
6860 ,162 ,0 ,6112 ,0 ,0 ,1 ,0 ,0 ,0 ,34 ,0 ,39 ,0 ,0 ,0 ,686 ,0 ,0 ,0 ,0 ,0 ,1
0 ,0 ,0 ,93 ,0 ,0 ,0 ,0 ,0 ,0 ,0 ,0 ,31 ,0 ,0 ,0 ,0 ,0 ,7 ,0 ,3 ,0 ,1
86 ,0 ,0 ,61 ,0 ,0 ,0 ,0 ,0 ,6 ,0 ,0 ,0 ,0 ,0 ,0 ,39 ,0 ,0 ,2 ,0 ,0 ,1
7660 ,176 ,0 ,79 ,0 ,0 ,0 ,0 ,0 ,7 ,27 ,0 ,60 ,5 ,0 ,0 ,3 ,0 ,0 ,0 ,1 ,0 ,1
736090 ,0 ,0 ,64 ,0 ,0 ,0 ,0 ,0 ,0 ,0 ,0 ,16 ,0 ,4 ,0 ,23 ,0 ,0 ,0 ,-8 ,0 ,1
0 ,0 ,4 ,80 ,0 ,0 ,0 ,92 ,0 ,7 ,0 ,0 ,0 ,0 ,1 ,0 ,0 ,-8 ,0 ,0 ,0 ,0 ,1
8567 ,-9 ,0 ,0 ,0 ,0 ,0 ,0 ,0 ,0 ,0 ,0 ,0 ,0 ,0 ,2 ,68 ,0 ,0 ,0 ,1 ,0 ,1
88 ,0 ,0 ,846086 ,0 ,0 ,0 ,0 ,0 ,0 ,27 ,0 ,0 ,0 ,5 ,0 ,0 ,0 ,2 ,0 ,0 ,0 ,1
81 ,136 ,0 ,97 ,0 ,0 ,0 ,100 ,-7 ,7 ,18 ,0 ,0 ,0 ,5 ,0 ,10 ,0 ,0 ,0 ,1 ,0 ,1
78 ,182 ,0 ,87 ,0 ,0 ,0 ,0 ,0 ,7 ,206036 ,0 ,43 ,0 ,0 ,0 ,13 ,0 ,0 ,0 ,0 ,0 ,1
68 ,128 ,0 ,57 ,0 ,0 ,0 ,0 ,0 ,6 ,2224 ,0 ,38 ,0 ,0 ,0 ,14 ,0 ,0 ,0 ,1 ,0 ,1
81 ,0 ,0 ,70 ,0 ,0 ,0 ,0 ,0 ,7 ,0 ,0 ,0 ,0 ,0 ,0 ,10 ,0 ,11 ,0 ,2 ,80 ,1
72 ,162 ,0 ,766090 ,0 ,0 ,0 ,0 ,0 ,4 ,0 ,0 ,2760 ,0 ,0 ,0 ,2 ,0 ,0 ,0 ,1 ,0 ,1
83 ,0 ,0 ,75 ,0 ,0 ,0 ,0 ,-7 ,7 ,0 ,0 ,33 ,0 ,0 ,0 ,58 ,0 ,0 ,0 ,3 ,86 ,1
0 ,175 ,6 ,0 ,0 ,0 ,2 ,0 ,-8 ,6 ,1960 ,0 ,0 ,0 ,0 ,0 ,59 ,0 ,0 ,0 ,1 ,0 ,1
7760 ,0 ,0 ,0 ,4 ,0 ,0 ,100 ,0 ,7 ,21 ,0 ,0 ,0 ,0 ,0 ,0 ,0 ,0 ,0 ,0 ,0 ,1
69 ,0 ,0 ,0 ,19 ,0 ,0 ,0 ,0 ,6 ,14 ,0 ,0 ,0 ,0 ,0 ,10 ,0 ,0 ,0 ,2 ,0 ,1
0 ,0 ,0 ,0 ,33 ,0 ,0 ,0 ,0 ,7 ,28 ,0 ,0 ,0 ,0 ,0 ,0 ,-8 ,0 ,0 ,0 ,38 ,1
879060 ,0 ,0 ,89 ,0 ,0 ,0 ,0 ,0 ,0 ,0 ,0 ,25 ,0 ,0 ,0 ,21 ,0 ,0 ,0 ,1 ,0 ,1
88 ,215 ,0 ,87 ,246037 ,0 ,1 ,0 ,-7 ,0 ,33 ,0 ,25 ,0 ,0 ,0 ,20 ,0 ,0 ,0 ,0 ,0 ,1
70 ,0 ,2 ,75 ,0 ,0 ,0 ,0 ,-7 ,7 ,0 ,2 ,46 ,0 ,0 ,0 ,15 ,0 ,0 ,3 ,0 ,0 ,1
66 ,159 ,0 ,8560 ,0 ,0 ,0 ,0 ,0 ,0 ,33 ,0 ,0 ,0 ,0 ,0 ,4 ,0 ,0 ,0 ,0 ,100 ,1
57 ,215 ,0 ,0 ,18 ,0 ,0 ,0 ,0 ,6 ,13 ,0 ,358 ,0 ,0 ,0 ,64 ,0 ,0 ,0 ,0 ,0 ,1
88 ,0 ,0 ,68 ,0 ,0 ,0 ,0 ,0 ,6 ,23 ,0 ,21 ,0 ,0 ,0 ,17 ,0 ,0 ,0 ,0 ,0 ,1
71 ,143 ,0 ,78 ,0 ,0 ,0 ,0 ,-7 ,7 ,0 ,0 ,0 ,0 ,0 ,0 ,14 ,0 ,0 ,2 ,0 ,0 ,1
87 ,0 ,9 ,876090 ,0 ,0 ,0 ,0 ,0 ,0 ,11 ,0 ,36 ,0 ,0 ,0 ,4 ,-8 ,0 ,0 ,0 ,0 ,1
61 ,0 ,0 ,6390 ,0 ,0 ,0 ,95 ,0 ,0 ,0 ,0 ,23 ,0 ,0 ,0 ,0 ,0 ,0 ,3 ,1 ,0 ,1
84 ,0 ,0 ,88 ,0 ,0 ,0 ,0 ,0 ,7 ,9 ,0 ,0 ,-9 ,0 ,0 ,-9 ,0 ,0 ,0 ,2 ,0 ,1
73 ,0 ,6 ,776086 ,0 ,0 ,0 ,0 ,0 ,0 ,298 ,0 ,0 ,0 ,0 ,0 ,23 ,0 ,0 ,0 ,0 ,0 ,1
6874 ,233 ,0 ,766090 ,0 ,0 ,0 ,0 ,0 ,77 ,0 ,0 ,20 ,0 ,0 ,0 ,664 ,0 ,0 ,0 ,0 ,0 ,1
59 ,0 ,0 ,0 ,21 ,0 ,0 ,0 ,0 ,474 ,0 ,0 ,38 ,0 ,0 ,0 ,0 ,67 ,0 ,0 ,2 ,71 ,1
7660 ,0 ,0 ,58 ,0 ,0 ,1 ,100 ,0 ,7 ,29 ,0 ,34 ,0 ,0 ,0 ,6 ,0 ,4 ,0 ,1 ,0 ,1
89 ,0 ,0 ,98 ,0 ,0 ,0 ,0 ,0 ,0 ,19 ,0 ,50 ,0 ,0 ,3 ,41 ,0 ,0 ,0 ,1 ,0 ,1
78 ,0 ,0 ,706090 ,1412 ,0 ,0 ,0 ,0 ,7 ,10 ,0 ,-9 ,0 ,0 ,0 ,0 ,-9 ,5 ,0 ,0 ,0 ,1
70 ,0 ,0 ,626090 ,0 ,0 ,0 ,0 ,0 ,0 ,20 ,0 ,0 ,0 ,0 ,0 ,22 ,0 ,0 ,2 ,0 ,71 ,1
58 ,165 ,0 ,0 ,247 ,0 ,0 ,0 ,0 ,7 ,0 ,0 ,0 ,0 ,0 ,0 ,0 ,0 ,0 ,0 ,1 ,100 ,1
87 ,0 ,814 ,86 ,0 ,0 ,2 ,0 ,0 ,6 ,0 ,0 ,33 ,0 ,0 ,0 ,0 ,-8 ,0 ,0 ,2 ,0 ,1
88 ,0 ,1 ,0 ,24 ,0 ,0 ,0 ,0 ,77 ,0 ,0 ,0 ,0 ,0 ,0 ,0 ,-8 ,6 ,0 ,1 ,50 ,1
72 ,0 ,9 ,84 ,22 ,0 ,0 ,100 ,0 ,7 ,34 ,0 ,30 ,0 ,0 ,0 ,31 ,0 ,0 ,0 ,3 ,0 ,1
59 ,0 ,638 ,78 ,0 ,0 ,0 ,0 ,-7 ,7 ,24 ,0 ,0 ,0 ,1 ,0 ,0 ,0 ,0 ,2 ,58 ,60 ,1
60 ,0 ,8 ,111 ,10 ,0 ,0 ,0 ,0 ,77 ,0 ,0 ,0 ,0 ,0 ,0 ,0 ,0 ,0 ,0 ,0 ,0 ,1
61 ,0 ,4 ,54 ,0 ,0 ,0 ,0 ,0 ,4 ,0 ,0 ,29 ,0 ,0 ,0 ,0 ,0 ,0 ,0 ,0 ,0 ,1
69 ,0 ,0 ,100 ,0 ,0 ,0 ,0 ,0 ,4 ,0 ,0 ,32 ,0 ,0 ,2 ,48 ,0 ,0 ,0 ,5 ,0 ,1
6360 ,0 ,7 ,89 ,0 ,0 ,0 ,0 ,0 ,6 ,2260 ,0 ,33 ,0 ,0 ,0 ,0 ,-8 ,0 ,0 ,1 ,0 ,1
81 ,137 ,0 ,74 ,0 ,0 ,0 ,0 ,-7 ,7 ,0 ,0 ,0 ,0 ,0 ,0 ,48 ,0 ,0 ,0 ,8 ,0 ,1
66 ,24360 ,3 ,80 ,0 ,0 ,0 ,0 ,0 ,7 ,33 ,0 ,0 ,0 ,0 ,3 ,10 ,0 ,0 ,0 ,0 ,0 ,1
76 ,0 ,0 ,6660902212 ,12 ,0 ,0 ,0 ,0 ,0 ,22 ,2 ,29 ,0 ,0 ,0 ,0 ,0 ,0 ,0 ,0 ,67 ,1
56 ,0 ,0 ,67 ,31 ,0 ,0 ,100 ,0 ,4 ,32 ,0 ,60 ,0 ,0 ,0 ,6 ,0 ,0 ,0 ,0 ,64 ,1
7160 ,0 ,0 ,76 ,0 ,0 ,0 ,0 ,0 ,7 ,0 ,0 ,0 ,0 ,0 ,0 ,20 ,0 ,0 ,2 ,0 ,83 ,1
89 ,0 ,0 ,8160 ,0 ,0 ,0 ,0 ,0 ,0 ,25 ,0 ,33 ,0 ,0 ,0 ,0 ,0 ,3 ,0 ,0 ,0 ,1
56 ,-874 ,0 ,7210 ,0 ,0 ,0 ,0 ,0 ,6 ,0 ,0 ,33 ,0 ,0 ,4 ,5 ,0 ,0 ,0 ,0 ,0 ,1
0 ,0 ,0 ,91 ,0 ,0 ,0 ,0 ,0 ,7 ,0 ,0 ,0 ,0 ,0 ,0 ,33 ,0 ,3 ,0 ,0 ,0 ,1
0 ,0 ,0 ,0 ,3576090 ,0 ,0 ,0 ,0 ,7 ,0 ,0 ,0 ,0 ,0 ,0 ,0 ,0 ,0 ,0 ,0 ,50 ,1
71 ,0 ,0 ,91 ,0 ,0 ,0 ,0 ,0 ,6 ,28 ,0 ,46 ,0 ,0 ,0 ,58 ,0 ,0 ,0 ,0 ,0 ,1
66 ,0 ,12 ,0 ,0 ,1 ,0 ,0 ,0 ,0 ,19 ,0 ,0 ,0 ,0 ,0 ,0 ,-8 ,0 ,3 ,0 ,0 ,1
73 ,132 ,0 ,701160 ,0 ,0 ,0 ,100 ,0 ,0 ,1111 ,0 ,0 ,0 ,0 ,2 ,22 ,0 ,0 ,4 ,0 ,56 ,1
80 ,0 ,0 ,0 ,0 ,0 ,0 ,100 ,0 ,0 ,29 ,0 ,0 ,0 ,0 ,0 ,0 ,-8 ,6 ,0 ,0 ,0 ,1
709060 ,0 ,0 ,75 ,0 ,0 ,0 ,0 ,-7 ,7 ,0 ,0 ,18 ,0 ,0 ,0 ,0 ,0 ,4 ,0 ,2 ,0 ,1
88 ,0 ,6 ,0 ,32 ,0 ,0 ,100 ,0 ,6 ,0 ,0 ,0 ,0 ,0 ,0 ,1 ,0 ,0 ,0 ,0 ,0 ,1
60 ,161 ,0 ,71 ,0 ,0 ,0 ,0 ,0 ,6 ,15 ,0 ,29 ,0 ,0 ,0 ,7 ,0 ,0 ,0 ,0 ,0 ,1
87 ,162 ,0 ,66 ,106090 ,0 ,0 ,0 ,-7 ,6 ,0 ,0 ,0 ,0 ,0 ,0 ,0 ,0 ,7 ,0 ,0 ,0 ,1
72 ,0 ,0 ,111 ,21 ,0 ,0 ,0 ,0 ,4 ,0 ,0 ,0 ,0 ,0 ,0 ,0 ,67 ,0 ,2 ,1 ,0 ,1
85 ,190 ,0 ,0 ,0 ,0 ,0 ,0 ,0 ,7 ,0 ,0 ,0 ,0 ,0 ,0 ,0 ,-8 ,3 ,0 ,0 ,0 ,1
80 ,0 ,1 ,0 ,0 ,0 ,0 ,0 ,0 ,0 ,1039 ,0 ,21 ,0 ,0 ,0 ,0 ,-8 ,0 ,0 ,2 ,0 ,1
79 ,198 ,0 ,68 ,0 ,0 ,0 ,0 ,0 ,7 ,0 ,0 ,0 ,0 ,0 ,0 ,8 ,0 ,0 ,0 ,0 ,75 ,1
6590 ,163 ,0 ,58 ,0 ,0 ,0 ,0 ,0 ,6 ,15 ,0 ,0 ,9 ,0 ,0 ,0 ,-8 ,5 ,0 ,0 ,0 ,1
6300 ,0 ,0 ,94 ,0 ,0 ,0 ,0 ,-7 ,0 ,0 ,0 ,50 ,0 ,1 ,0 ,44 ,0 ,0 ,0 ,0 ,0 ,1
8660 ,165 ,0 ,97 ,12 ,0 ,3 ,0 ,0 ,6 ,829 ,0 ,9 ,0 ,0 ,0 ,0 ,0 ,2 ,0 ,1 ,0 ,1
84 ,203 ,0 ,676090 ,0 ,0 ,0 ,0 ,0 ,4 ,24 ,0 ,50 ,0 ,0 ,0 ,43 ,0 ,0 ,0 ,1 ,0 ,1
85 ,0 ,0 ,916090 ,0 ,0 ,0 ,0 ,0 ,7 ,0 ,0 ,25 ,0 ,0 ,0 ,66 ,0 ,0 ,0 ,0 ,0 ,1
68 ,0 ,0 ,8460 ,0 ,0 ,0 ,97 ,0 ,7 ,0 ,0 ,0 ,0 ,0 ,0 ,0 ,-8 ,2 ,0 ,0 ,100 ,1
0 ,0 ,0 ,5900 ,0 ,0 ,0 ,0 ,0 ,6 ,0 ,0 ,0 ,0 ,0 ,0 ,0 ,-8 ,0 ,3 ,1 ,0 ,1
6660 ,0 ,8 ,67 ,0 ,0 ,2 ,0 ,-7 ,7 ,25 ,0 ,33 ,0 ,0 ,0 ,0 ,97 ,4 ,0 ,0 ,0 ,1
65 ,0 ,0 ,84 ,743 ,0 ,0 ,0 ,0 ,7 ,611 ,0 ,50 ,0 ,0 ,0 ,21 ,0 ,0 ,0 ,0 ,100 ,1
0 ,0 ,2 ,77 ,0 ,0 ,0 ,100 ,0 ,7 ,0 ,0 ,0 ,0 ,0 ,0 ,0 ,-8 ,1 ,0 ,0 ,0 ,1
78 ,0 ,477 ,666090 ,0 ,0 ,0 ,0 ,0 ,7 ,0 ,0 ,-9 ,0 ,0 ,0 ,-9 ,0 ,0 ,0 ,7 ,0 ,1
0 ,0 ,0 ,70 ,0 ,3 ,0 ,0 ,0 ,6 ,0 ,0 ,40 ,0 ,0 ,0 ,28 ,0 ,0 ,0 ,0 ,0 ,1
55 ,0 ,0 ,8260 ,19 ,0 ,1 ,0 ,0 ,0 ,0 ,0 ,35 ,0 ,0 ,0 ,0 ,0 ,5 ,0 ,2 ,0 ,1
696090 ,0 ,5 ,98 ,0 ,0 ,0 ,96 ,0 ,7 ,37 ,0 ,0 ,0 ,0 ,0 ,32 ,0 ,0 ,0 ,0 ,0 ,1
67 ,0 ,11 ,586090 ,0 ,0 ,0 ,0 ,0 ,7 ,0 ,0 ,46 ,0 ,1 ,0 ,0 ,0 ,0 ,0 ,0 ,0 ,1
0 ,0 ,0 ,0 ,0 ,0 ,0 ,0 ,0 ,4 ,0 ,0 ,28 ,0 ,0 ,0 ,0 ,0 ,0 ,0 ,1 ,0 ,1
0 ,0 ,0 ,0 ,0 ,0 ,2 ,0 ,0 ,7 ,23 ,0 ,21 ,-8 ,0 ,0 ,0 ,0 ,0 ,0 ,0 ,50 ,1
70 ,0 ,0 ,61 ,21 ,0 ,0 ,0 ,0 ,0 ,636 ,0 ,0 ,0 ,2 ,0 ,0 ,-8 ,0 ,0 ,0 ,0 ,1
6960 ,0 ,0 ,93 ,9 ,0 ,0 ,93 ,0 ,6 ,24 ,0 ,0 ,0 ,0 ,0 ,0 ,0 ,3 ,4 ,2 ,0 ,1
69 ,0 ,4 ,52 ,0 ,0 ,0 ,94 ,0 ,0 ,0 ,0 ,0 ,5 ,0 ,0 ,56 ,0 ,0 ,2 ,0 ,0 ,1
85 ,0 ,0 ,9412 ,0 ,0 ,0 ,0 ,-7 ,7 ,14 ,0 ,238 ,0 ,0 ,0 ,60 ,0 ,0 ,0 ,2 ,0 ,1
7260 ,256 ,0 ,71 ,0 ,0 ,1 ,0 ,0 ,63700 ,0 ,0 ,0 ,0 ,1 ,0 ,24 ,0 ,0 ,0 ,2 ,0 ,1
89 ,0 ,0 ,78 ,0 ,0 ,0 ,0 ,0 ,0 ,2887 ,0 ,0 ,0 ,0 ,0 ,27 ,0 ,0 ,0 ,0 ,89 ,1
74 ,0 ,6 ,0 ,0 ,0 ,0 ,0 ,0 ,0 ,23 ,0 ,0 ,0 ,0 ,0 ,0 ,79 ,4 ,0 ,0 ,50 ,1
74 ,0 ,0 ,0 ,0 ,0 ,0 ,0 ,0 ,0 ,12 ,0 ,33 ,0 ,0 ,0 ,7 ,0 ,0 ,0 ,0 ,0 ,1
0 ,0 ,0 ,93 ,0 ,0 ,0 ,0 ,15 ,6 ,0 ,0 ,38 ,4 ,0 ,0 ,0 ,0 ,5 ,0 ,2 ,0 ,1
58 ,183 ,15 ,69 ,0 ,0 ,0 ,0 ,0 ,7 ,35 ,0 ,46 ,0 ,0 ,0 ,27 ,0 ,0 ,2 ,-7 ,50 ,1
0 ,153 ,9 ,6160 ,0 ,0 ,0 ,0 ,0 ,4 ,0 ,0 ,17 ,0 ,0 ,0 ,0 ,-8 ,0 ,0 ,1 ,0 ,1
59 ,0 ,0 ,93000 ,0 ,0 ,0 ,0 ,37 ,6 ,0 ,0 ,0 ,0 ,0 ,0 ,0 ,80 ,4 ,0 ,0 ,0 ,1
726090 ,0 ,469 ,55 ,10 ,0 ,0 ,0 ,0 ,6 ,0 ,0 ,26 ,0 ,0 ,0 ,0 ,-8 ,1 ,0 ,0 ,0 ,1
86 ,0 ,0 ,51 ,15 ,0 ,0 ,0 ,-7 ,0 ,12 ,0 ,17 ,0 ,0 ,1 ,0 ,-8 ,0 ,0 ,0 ,0 ,1
7060 ,0 ,2 ,92 ,0 ,0 ,0 ,0 ,0 ,6 ,0 ,0 ,16 ,0 ,0 ,0 ,4 ,0 ,2 ,0 ,-8 ,0 ,1
0 ,218 ,5 ,72 ,0 ,0 ,0 ,0 ,0 ,0 ,15 ,0 ,0 ,0 ,5 ,0 ,0 ,-8 ,0 ,0 ,0 ,0 ,1
62 ,0 ,0 ,80 ,0 ,0 ,0 ,0 ,-7 ,7 ,0 ,0 ,0 ,0 ,0 ,0 ,0 ,57 ,0 ,0 ,0 ,679042 ,1
6660 ,153 ,0 ,0 ,0 ,0 ,0 ,0 ,0 ,7 ,36 ,0 ,0 ,0 ,0 ,0 ,43 ,0 ,0 ,0 ,0 ,0 ,1
6860 ,128 ,0 ,54 ,0 ,0 ,0 ,0 ,0 ,7 ,0 ,0 ,0 ,0 ,0 ,0 ,0 ,-8 ,0 ,0 ,1 ,0 ,1
6560 ,0 ,0 ,78 ,0 ,0 ,0 ,0 ,0 ,7 ,26 ,0 ,28 ,0 ,0 ,0 ,0 ,0 ,0 ,8 ,2 ,0 ,1
65 ,0 ,0 ,6460 ,0 ,0 ,0 ,0 ,0 ,6 ,21 ,0 ,0 ,-8 ,0 ,0 ,0 ,50 ,0 ,0 ,0 ,60 ,1
65 ,192 ,0 ,7660 ,0 ,0 ,0 ,0 ,0 ,6 ,0 ,0 ,17 ,0 ,0 ,0 ,20 ,0 ,0 ,0 ,0 ,90 ,1
56 ,0 ,0 ,736090 ,0 ,0 ,0 ,0 ,0 ,77 ,6 ,0 ,0 ,0 ,0 ,0 ,57 ,0 ,3 ,0 ,0 ,71 ,1
7560 ,141 ,0 ,9212 ,0 ,0 ,0 ,0 ,0 ,0 ,42 ,0 ,0 ,0 ,0 ,0 ,9 ,0 ,0 ,3 ,0 ,0 ,1
77 ,0 ,447 ,1146090 ,0 ,0 ,0 ,0 ,0 ,6 ,9 ,0 ,23 ,0 ,0 ,0 ,0 ,0 ,0 ,0 ,0 ,0 ,1
7790 ,0 ,0 ,103 ,0 ,2 ,0 ,0 ,0 ,7 ,0 ,0 ,0 ,0 ,0 ,0 ,0 ,0 ,2 ,0 ,0 ,71 ,1
7890 ,0 ,3 ,66 ,0 ,0 ,0 ,100 ,0 ,0 ,0 ,0 ,0 ,3 ,0 ,0 ,18 ,0 ,0 ,0 ,1 ,0 ,1
88 ,0 ,3 ,81 ,0 ,0 ,0 ,100 ,0 ,7 ,0 ,0 ,0 ,0 ,0 ,0 ,0 ,0 ,0 ,0 ,0 ,0 ,1
58 ,0 ,2811 ,0 ,0 ,0 ,0 ,0 ,0 ,0 ,19 ,0 ,53 ,0 ,0 ,0 ,31 ,0 ,0 ,0 ,0 ,0 ,1
66 ,0 ,0 ,71 ,0 ,0 ,1 ,0 ,0 ,6 ,0 ,0 ,25 ,0 ,0 ,0 ,0 ,0 ,0 ,0 ,0 ,0 ,1
6660 ,0 ,0 ,57 ,0 ,0 ,0 ,0 ,0 ,7 ,0 ,0 ,10 ,0 ,0 ,0 ,8 ,0 ,0 ,0 ,1 ,0 ,1
54 ,0 ,4 ,0 ,0 ,0 ,0 ,0 ,0 ,0 ,0 ,0 ,15 ,0 ,0 ,0 ,0 ,-8 ,0 ,0 ,1 ,0 ,1
70 ,150 ,0 ,80 ,21 ,0 ,0 ,0 ,0 ,7 ,27 ,0 ,32 ,0 ,0 ,0 ,0 ,0 ,3 ,0 ,0 ,0 ,1
78 ,0 ,3 ,0 ,0 ,0 ,0 ,0 ,0 ,6 ,26 ,0 ,42 ,0 ,0 ,0 ,48 ,0 ,0 ,0 ,0 ,0 ,1
67 ,256 ,0 ,9260 ,12 ,0 ,0 ,0 ,0 ,4 ,0 ,0 ,0 ,0 ,0 ,2 ,0 ,70 ,7 ,0 ,0 ,50 ,1
61 ,192 ,6 ,1157 ,0 ,0 ,0 ,0 ,11 ,6 ,0 ,0 ,20 ,0 ,0 ,0 ,7 ,0 ,1 ,1 ,0 ,0 ,1
6590 ,162 ,0 ,51 ,0 ,0 ,2 ,0 ,0 ,7 ,0 ,0 ,368 ,0 ,3 ,0 ,9 ,0 ,0 ,0 ,0 ,0 ,1
7460 ,0 ,7 ,88 ,0 ,0 ,0 ,100 ,0 ,6 ,0 ,0 ,0 ,0 ,0 ,0 ,0 ,0 ,0 ,1 ,3 ,0 ,1
63 ,0 ,0 ,696037 ,0 ,0 ,0 ,0 ,-7 ,0 ,0 ,0 ,38 ,0 ,0 ,0 ,26 ,0 ,0 ,0 ,1 ,0 ,1
61 ,0 ,0 ,88 ,33 ,0 ,0 ,0 ,0 ,7 ,38 ,0 ,0 ,0 ,0 ,2 ,0 ,0 ,0 ,0 ,1 ,0 ,1
6690 ,0 ,4 ,609 ,0 ,3 ,0 ,0 ,0 ,7 ,0 ,0 ,0 ,0 ,0 ,0 ,0 ,-8 ,0 ,0 ,0 ,0 ,1
77 ,0 ,0 ,886090 ,0 ,0 ,0 ,0 ,0 ,6 ,16 ,0 ,50 ,0 ,0 ,0 ,13 ,0 ,10 ,4 ,0 ,0 ,1
87 ,0 ,0 ,0 ,0 ,0 ,0 ,0 ,0 ,0 ,0 ,0 ,11 ,-9 ,0 ,0 ,6 ,0 ,0 ,0 ,-9 ,0 ,1
62 ,150 ,0 ,94 ,11 ,1 ,0 ,0 ,0 ,6 ,0 ,0 ,11 ,0 ,0 ,0 ,2 ,0 ,0 ,0 ,3 ,59 ,1
59 ,194 ,0 ,69 ,1812 ,0 ,0 ,0 ,0 ,7 ,27 ,0 ,56 ,0 ,0 ,0 ,19 ,0 ,3 ,0 ,5 ,0 ,1
0 ,206 ,4 ,676090 ,0 ,0 ,0 ,0 ,0 ,6 ,0 ,0 ,0 ,0 ,0 ,0 ,10 ,0 ,0 ,2 ,0 ,67 ,1
56 ,0 ,0 ,0 ,31 ,0 ,0 ,0 ,0 ,7 ,0 ,0 ,0 ,0 ,0 ,0 ,0 ,0 ,0 ,0 ,0 ,100 ,1
74 ,0 ,4 ,72 ,0 ,0 ,0 ,0 ,0 ,6 ,32 ,0 ,36 ,0 ,0 ,0 ,46 ,0 ,0 ,0 ,0 ,0 ,1
6460 ,0 ,11 ,84 ,277 ,0 ,0 ,0 ,0 ,61136 ,0 ,0 ,208 ,0 ,0 ,0 ,0 ,0 ,2 ,0 ,2 ,0 ,1
65 ,212 ,0 ,61 ,0 ,0 ,0 ,0 ,0 ,6 ,0 ,5 ,3622 ,0 ,0 ,0 ,33 ,0 ,0 ,0 ,0 ,0 ,1
64 ,0 ,0 ,0 ,278 ,0 ,0 ,0 ,0 ,7 ,0 ,1 ,33 ,0 ,0 ,0 ,0 ,0 ,0 ,0 ,0 ,0 ,1
66 ,0 ,0 ,0 ,0 ,0 ,0 ,92 ,0 ,7 ,0 ,0 ,0 ,0 ,0 ,0 ,0 ,0 ,4 ,0 ,0 ,0 ,1
0 ,0 ,0 ,81 ,0 ,0 ,0 ,0 ,0 ,6 ,0 ,0 ,45 ,0 ,0 ,0 ,0 ,0 ,0 ,2 ,0 ,0 ,1
64 ,190 ,12 ,72 ,1460 ,0 ,0 ,0 ,0 ,0 ,0 ,0 ,10 ,0 ,0 ,5 ,0 ,0 ,0 ,0 ,2 ,0 ,1
72 ,0 ,476 ,76 ,20 ,0 ,0 ,0 ,-8 ,7 ,25 ,0 ,0 ,0 ,0 ,0 ,0 ,-9 ,3 ,0 ,0 ,0 ,1
0 ,190 ,0 ,87 ,41 ,0 ,0 ,0 ,0 ,0 ,44 ,0 ,0 ,0 ,0 ,0 ,5 ,0 ,0 ,1 ,0 ,0 ,1
63 ,202 ,0 ,59 ,7 ,0 ,0 ,0 ,762 ,4 ,0 ,0 ,0 ,0 ,0 ,0 ,6 ,0 ,0 ,3 ,0 ,0 ,1
58 ,0 ,2 ,74 ,0 ,0 ,0 ,0 ,15 ,7 ,2680 ,0 ,27 ,0 ,0 ,0 ,0 ,0 ,0 ,0 ,0 ,0 ,1
57 ,0 ,6 ,94 ,0 ,0 ,0 ,0 ,0 ,0 ,0 ,0 ,17 ,0 ,0 ,0 ,49 ,0 ,0 ,2 ,2 ,0 ,1
73 ,0 ,0 ,88 ,0 ,0 ,0 ,0 ,0 ,7 ,0 ,0 ,56 ,0 ,0 ,0 ,2877 ,0 ,0 ,0 ,0 ,0 ,1
6790 ,0 ,0 ,85 ,0 ,0 ,0 ,0 ,0 ,7 ,0 ,0 ,29 ,0 ,0 ,0 ,11 ,0 ,0 ,4 ,0 ,0 ,1
76 ,167 ,0 ,0 ,13 ,0 ,0 ,0 ,-8 ,6 ,0 ,0 ,39 ,0 ,0 ,0 ,10 ,0 ,0 ,0 ,0 ,0 ,1
68 ,256 ,1 ,976090 ,0 ,0 ,0 ,100 ,0 ,6 ,0 ,0 ,0 ,0 ,0 ,0 ,16 ,0 ,0 ,1 ,0 ,0 ,1
85 ,173 ,0 ,0 ,0 ,0 ,0 ,0 ,0 ,0 ,20 ,0 ,67 ,0 ,0 ,0 ,42 ,0 ,0 ,0 ,2 ,0 ,1
0 ,167 ,8 ,56 ,0 ,0 ,0 ,80 ,0 ,744 ,0 ,0 ,0 ,0 ,0 ,0 ,0 ,-8 ,2 ,0 ,3 ,0 ,1
84 ,164 ,0 ,0 ,0 ,0 ,0 ,0 ,0 ,4 ,918 ,0 ,60 ,0 ,0 ,0 ,0 ,-8 ,0 ,0 ,0 ,0 ,1
80 ,0 ,0 ,65 ,0 ,0 ,0 ,100 ,0 ,7 ,391 ,0 ,0 ,0 ,0 ,0 ,0 ,-8 ,3 ,0 ,2 ,0 ,1
78 ,208 ,0 ,66 ,0 ,0 ,1 ,0 ,0 ,7 ,10 ,0 ,33 ,0 ,0 ,0 ,0 ,0 ,0 ,0 ,2 ,0 ,1
0 ,0 ,7 ,72 ,0 ,0 ,0 ,0 ,0 ,6 ,3600 ,0 ,8 ,0 ,0 ,0 ,60 ,0 ,0 ,0 ,0 ,0 ,1
59 ,155 ,0 ,0 ,25 ,0 ,0 ,0 ,0 ,6 ,24 ,0 ,27 ,0 ,0 ,0 ,786 ,0 ,0 ,0 ,2 ,0 ,1
80 ,234 ,0 ,5811 ,0 ,0 ,0 ,100 ,0 ,0 ,0 ,2 ,0 ,0 ,0 ,0 ,0 ,88 ,0 ,0 ,0 ,0 ,1
65 ,0 ,537 ,78 ,0 ,0 ,0 ,0 ,0 ,6 ,32 ,0 ,0 ,0 ,1 ,0 ,0 ,-8 ,4 ,0 ,0 ,0 ,1
0 ,0 ,0 ,73 ,0 ,0 ,0 ,0 ,0 ,7 ,0 ,0 ,0 ,0 ,0 ,0 ,0 ,94 ,3 ,0 ,2 ,80 ,1
80 ,161 ,611 ,98 ,0 ,0 ,0 ,0 ,0 ,6 ,0 ,0 ,0 ,0 ,0 ,0 ,0 ,-8 ,0 ,0 ,1 ,0 ,1
84 ,0 ,0 ,0 ,0 ,0 ,0 ,94 ,0 ,7913 ,0 ,0 ,0 ,0 ,0 ,0 ,0 ,0 ,0 ,2 ,0 ,0 ,1
74 ,0 ,0 ,75 ,0 ,0 ,0 ,0 ,-7 ,6 ,52 ,0 ,47 ,0 ,0 ,1 ,10 ,0 ,0 ,0 ,1 ,0 ,1
0 ,0 ,911 ,88 ,0 ,0 ,4 ,0 ,0 ,6 ,0 ,0 ,0 ,0 ,0 ,0 ,9 ,0 ,0 ,0 ,1 ,0 ,1
63 ,141 ,0 ,746090 ,0 ,0 ,0 ,0 ,0 ,0 ,12 ,0 ,48 ,5 ,0 ,0 ,6 ,0 ,0 ,0 ,0 ,0 ,1
6160 ,0 ,0 ,85 ,0 ,0 ,0 ,100 ,0 ,7 ,0 ,0 ,387 ,0 ,0 ,0 ,0 ,-8 ,4 ,0 ,1 ,0 ,1
63 ,197 ,0 ,94 ,0 ,0 ,0 ,0 ,0 ,0 ,27 ,0 ,16 ,0 ,0 ,0 ,5 ,0 ,0 ,0 ,0 ,0 ,1
68 ,0 ,0 ,616090 ,0 ,0 ,0 ,0 ,0 ,7 ,1139 ,0 ,0 ,0 ,438 ,0 ,0 ,-8 ,0 ,0 ,0 ,0 ,1
88 ,0 ,1 ,626090 ,0 ,0 ,0 ,0 ,4 ,0 ,22 ,0 ,0 ,0 ,0 ,0 ,0 ,0 ,0 ,0 ,0 ,0 ,1
6890 ,0 ,0 ,7660 ,0 ,0 ,0 ,0 ,0 ,7 ,0 ,0 ,0 ,0 ,0 ,0 ,0 ,-8 ,0 ,3 ,-7 ,0 ,1
0 ,222 ,4 ,836090 ,0 ,0 ,0 ,0 ,0 ,0 ,33 ,0 ,0 ,0 ,0 ,0 ,31 ,0 ,0 ,0 ,0 ,0 ,1
70 ,0 ,7 ,666038 ,0 ,0 ,0 ,0 ,0 ,7 ,0 ,0 ,0 ,0 ,2 ,0 ,24 ,0 ,0 ,0 ,1 ,0 ,1
70 ,165 ,0 ,90 ,0 ,0 ,0 ,0 ,0 ,77 ,0 ,0 ,33 ,0 ,0 ,0 ,0 ,0 ,4 ,0 ,2 ,0 ,1
8769 ,0 ,0 ,656090 ,33 ,0 ,0 ,100 ,0 ,7 ,2824 ,0 ,0 ,2 ,0 ,0 ,0 ,-8 ,0 ,0 ,0 ,0 ,1
66 ,155 ,0 ,8060 ,0 ,0 ,0 ,0 ,2 ,7 ,0 ,0 ,23 ,0 ,0 ,0 ,35 ,0 ,0 ,0 ,1 ,0 ,1
56 ,0 ,8 ,626086 ,0 ,0 ,0 ,0 ,0 ,7 ,0 ,0 ,18 ,0 ,0 ,3 ,0 ,0 ,0 ,0 ,-8 ,0 ,1
82 ,0 ,4 ,8160 ,22 ,0 ,0 ,0 ,0 ,7 ,44 ,0 ,0 ,0 ,0 ,0 ,19 ,0 ,0 ,0 ,0 ,0 ,1
7460 ,182 ,0 ,66 ,39 ,0 ,0 ,0 ,-7 ,7 ,0 ,0 ,0 ,0 ,0 ,0 ,0 ,0 ,0 ,3 ,2 ,43 ,1
6660 ,158 ,5 ,86 ,0 ,0 ,0 ,0 ,0 ,7 ,0 ,0 ,52 ,0 ,0 ,0 ,37 ,0 ,0 ,0 ,0 ,0 ,1
6090 ,169 ,0 ,7660 ,0 ,0 ,0 ,100 ,0 ,7 ,0 ,0 ,0 ,0 ,0 ,0 ,0 ,0 ,3 ,0 ,0 ,0 ,1
82 ,0 ,0 ,666090 ,0 ,0 ,0 ,100 ,0 ,7 ,0 ,0 ,33 ,0 ,0 ,1 ,0 ,92 ,8 ,0 ,5 ,0 ,1
716090 ,0 ,0 ,96 ,0 ,0 ,0 ,0 ,0 ,6 ,7 ,0 ,0 ,0 ,0 ,0 ,0 ,0 ,4 ,0 ,2 ,0 ,1
65 ,0 ,0 ,0 ,41 ,0 ,0 ,0 ,0 ,6 ,1811 ,0 ,44 ,0 ,1 ,0 ,0 ,0 ,0 ,0 ,0 ,0 ,1
89 ,158 ,0 ,76 ,0 ,0 ,0 ,0 ,0 ,6 ,1637 ,0 ,33 ,0 ,0 ,0 ,1 ,0 ,0 ,0 ,1 ,0 ,1
68 ,0 ,0 ,88 ,19 ,0 ,0 ,0 ,0 ,6 ,0 ,0 ,29 ,0 ,0 ,2 ,48 ,0 ,0 ,0 ,0 ,0 ,1
0 ,0 ,2 ,93 ,0 ,0 ,0 ,0 ,0 ,4 ,308 ,0 ,35 ,0 ,0 ,0 ,15 ,0 ,0 ,0 ,1 ,0 ,1
70 ,0 ,0 ,95 ,21 ,0 ,0 ,0 ,0 ,7 ,0 ,0 ,0 ,0 ,0 ,0 ,0 ,0 ,0 ,0 ,0 ,75 ,1
6847 ,0 ,0 ,0 ,0 ,0 ,0 ,0 ,0 ,0 ,25 ,0 ,40 ,0 ,0 ,0 ,10 ,0 ,0 ,0 ,0 ,0 ,1
62 ,0 ,0 ,0 ,309 ,0 ,0 ,0 ,0 ,634 ,0 ,0 ,-9 ,0 ,0 ,0 ,8 ,0 ,0 ,0 ,2 ,0 ,1
72 ,0 ,0 ,926038 ,0 ,0 ,0 ,0 ,0 ,6 ,36 ,0 ,56 ,0 ,0 ,0 ,0 ,0 ,1 ,0 ,3 ,0 ,1
58 ,202 ,0 ,5790 ,0 ,0 ,0 ,0 ,0 ,0 ,0 ,2 ,13 ,0 ,0 ,0 ,29 ,0 ,0 ,0 ,0 ,0 ,1
7260 ,242 ,0 ,99 ,247 ,0 ,1 ,0 ,19 ,6 ,22 ,0 ,0 ,0 ,0 ,0 ,0 ,65 ,0 ,0 ,0 ,78 ,1
85 ,0 ,461 ,766090 ,0 ,0 ,0 ,0 ,-7 ,7 ,0 ,0 ,25 ,0 ,0 ,0 ,0 ,0 ,3 ,0 ,0 ,0 ,1
79 ,0 ,0 ,85 ,0 ,0 ,0 ,0 ,0 ,0 ,24 ,0 ,26 ,0 ,5 ,2 ,0 ,0 ,0 ,0 ,0 ,0 ,1
6460 ,162 ,5 ,0 ,0 ,0 ,0 ,0 ,0 ,0 ,22 ,0 ,33 ,0 ,0 ,4 ,8 ,0 ,0 ,0 ,0 ,0 ,1
80 ,0 ,0 ,5860 ,23 ,0 ,0 ,0 ,0 ,4 ,3280 ,0 ,0 ,0 ,0 ,0 ,0 ,0 ,0 ,0 ,0 ,0 ,1
63 ,206 ,0 ,0 ,0 ,0 ,0 ,0 ,0 ,0 ,35 ,0 ,23 ,0 ,0 ,4 ,41 ,0 ,0 ,2 ,0 ,0 ,1
69 ,178 ,7 ,97 ,0 ,0 ,0 ,0 ,0 ,6 ,1560 ,0 ,22 ,0 ,0 ,2 ,0 ,0 ,0 ,0 ,0 ,0 ,1
6760 ,0 ,0 ,74 ,0 ,0 ,0 ,0 ,0 ,0 ,47 ,0 ,33 ,0 ,0 ,0 ,0 ,0 ,3 ,0 ,5 ,0 ,1
66 ,0 ,2 ,51 ,0 ,0 ,0 ,0 ,0 ,7 ,0 ,0 ,0 ,0 ,0 ,0 ,24 ,0 ,2 ,0 ,0 ,0 ,1
81 ,0 ,3 ,0 ,0 ,0 ,0 ,0 ,0 ,4 ,0 ,0 ,0 ,0 ,0 ,0 ,16 ,0 ,0 ,0 ,0 ,0 ,1
68 ,0 ,9 ,69 ,0 ,0 ,0 ,0 ,489 ,6 ,32 ,0 ,0 ,0 ,0 ,0 ,0 ,0 ,0 ,0 ,0 ,0 ,1
56 ,171 ,0 ,0 ,17 ,0 ,0 ,0 ,0 ,7 ,0 ,0 ,30 ,0 ,0 ,0 ,33 ,0 ,0 ,0 ,0 ,0 ,1
0 ,0 ,0 ,0 ,0 ,0 ,0 ,0 ,0 ,6 ,0 ,0 ,0 ,0 ,0 ,0 ,51 ,0 ,0 ,2 ,0 ,67 ,1
55 ,164 ,0 ,74 ,0 ,0 ,0 ,0 ,0 ,7 ,0 ,0 ,0 ,0 ,0 ,0 ,0 ,-8 ,0 ,0 ,0 ,0 ,1
0 ,208 ,0 ,0 ,0 ,0 ,0 ,0 ,-7 ,0 ,0 ,0 ,50 ,0 ,0 ,0 ,9 ,0 ,5 ,0 ,0 ,0 ,1
58 ,0 ,23 ,0 ,0 ,0 ,0 ,0 ,17 ,0 ,0 ,0 ,0 ,0 ,0 ,0 ,6 ,0 ,0 ,0 ,0 ,0 ,1
81 ,178 ,0 ,49 ,0 ,0 ,0 ,100 ,0 ,0 ,20 ,0 ,0 ,0 ,0 ,0 ,0 ,85 ,0 ,0 ,0 ,0 ,1
74 ,0 ,0 ,85 ,14 ,0 ,0 ,0 ,0 ,4 ,363 ,0 ,0 ,0 ,0 ,0 ,0 ,100 ,0 ,0 ,0 ,0 ,1
71 ,0 ,0 ,44 ,0 ,0 ,0 ,0 ,0 ,7 ,0 ,0 ,0 ,0 ,0 ,0 ,0 ,91 ,4 ,0 ,0 ,0 ,1
55 ,0 ,917 ,74 ,0 ,0 ,1 ,0 ,0 ,6 ,2660 ,0 ,0 ,0 ,0 ,0 ,0 ,-8 ,5 ,0 ,3 ,53 ,1
63 ,176 ,3 ,98 ,25 ,0 ,0 ,0 ,0 ,7 ,21 ,0 ,0 ,0 ,0 ,0 ,23 ,0 ,0 ,0 ,1 ,100 ,1
7260 ,192 ,0 ,58 ,0 ,0 ,0 ,0 ,0 ,6 ,23 ,0 ,0 ,0 ,0 ,0 ,0 ,0 ,4 ,0 ,0 ,0 ,1
75 ,164 ,0 ,83 ,0 ,2 ,0 ,0 ,0 ,0 ,36 ,0 ,33 ,0 ,0 ,0 ,56 ,0 ,0 ,0 ,3 ,0 ,1
92 ,0 ,0 ,669060891222 ,0 ,0 ,0 ,0 ,0 ,7 ,36 ,0 ,0 ,0 ,0 ,0 ,3 ,0 ,0 ,0 ,0 ,0 ,1
7760 ,0 ,0 ,87 ,0 ,0 ,0 ,0 ,0 ,6 ,0 ,0 ,0 ,0 ,0 ,0 ,14 ,0 ,0 ,0 ,3 ,0 ,1
0 ,158 ,0 ,736090 ,0 ,0 ,0 ,94 ,0 ,7 ,0 ,0 ,0 ,0 ,0 ,0 ,48 ,0 ,0 ,0 ,0 ,0 ,1
63 ,174 ,0 ,75 ,0 ,0 ,0 ,0 ,-7 ,7 ,21 ,0 ,36 ,0 ,0 ,0 ,11 ,0 ,0 ,0 ,0 ,0 ,1
81 ,202 ,0 ,69 ,0 ,0 ,0 ,0 ,0 ,0 ,1626 ,0 ,23 ,0 ,0 ,0 ,24 ,0 ,0 ,0 ,0 ,0 ,1
85 ,0 ,9 ,81 ,0 ,0 ,0 ,0 ,0 ,7 ,0 ,0 ,0 ,0 ,0 ,0 ,0 ,-8 ,2 ,0 ,3 ,0 ,1
7990 ,0 ,0 ,86 ,0 ,0 ,0 ,0 ,0 ,5 ,0 ,0 ,0 ,0 ,0 ,0 ,2 ,0 ,0 ,3 ,0 ,0 ,1
85 ,0 ,724 ,69 ,0 ,0 ,0 ,0 ,0 ,0 ,42 ,0 ,20 ,0 ,0 ,2 ,11 ,0 ,0 ,0 ,0 ,0 ,1
59 ,203 ,0 ,661290 ,0 ,0 ,0 ,0 ,0 ,7 ,0 ,0 ,0 ,0 ,0 ,0 ,0 ,-8 ,0 ,0 ,0 ,0 ,1
85 ,0 ,0 ,0 ,0 ,0 ,0 ,0 ,0 ,6 ,19 ,0 ,22 ,0 ,1 ,0 ,69 ,0 ,0 ,5 ,0 ,0 ,1
6890 ,0 ,0 ,78 ,0 ,0 ,0 ,0 ,0 ,0 ,0 ,0 ,0 ,0 ,0 ,0 ,69 ,-8 ,0 ,0 ,0 ,0 ,1
6260 ,212 ,0 ,74 ,0 ,0 ,0 ,0 ,0 ,0 ,0 ,0 ,0 ,0 ,0 ,1 ,0 ,99 ,0 ,0 ,2 ,0 ,1
8590 ,0 ,0 ,0 ,0 ,0 ,0 ,0 ,0 ,7 ,0 ,0 ,58 ,0 ,0 ,0 ,489 ,0 ,2 ,2 ,3 ,0 ,1
78 ,0 ,0 ,0 ,0 ,0 ,0 ,0 ,0 ,7 ,21 ,0 ,15 ,0 ,0 ,0 ,59 ,0 ,0 ,0 ,0 ,0 ,1
71 ,192 ,0 ,66 ,0 ,0 ,0 ,0 ,0 ,7 ,29 ,0 ,40 ,0 ,0 ,0 ,14 ,0 ,0 ,0 ,0 ,0 ,1
6990 ,190 ,496 ,6360 ,25 ,0 ,0 ,0 ,0 ,0 ,0 ,0 ,25 ,0 ,5 ,0 ,17 ,0 ,0 ,0 ,0 ,0 ,1
81 ,0 ,0 ,0 ,35 ,0 ,0 ,0 ,0 ,6 ,0 ,0 ,43 ,0 ,0 ,0 ,14 ,0 ,0 ,0 ,0 ,0 ,1
676090 ,198 ,0 ,99 ,0 ,0 ,0 ,0 ,1680 ,0 ,2036 ,0 ,33 ,0 ,0 ,0 ,0 ,-8 ,0 ,0 ,0 ,0 ,1
659060 ,199 ,0 ,0 ,0 ,0 ,0 ,0 ,0 ,0 ,0 ,0 ,13 ,0 ,0 ,0 ,2 ,0 ,0 ,0 ,0 ,0 ,1
81 ,0 ,0 ,99 ,0 ,0 ,0 ,0 ,0 ,6 ,0 ,0 ,259 ,0 ,0 ,1 ,9 ,0 ,0 ,0 ,0 ,0 ,1
636090 ,131 ,8 ,64 ,0 ,0 ,0 ,0 ,0 ,7 ,47 ,0 ,33 ,0 ,0 ,0 ,0 ,0 ,4 ,0 ,0 ,0 ,1
78 ,17780 ,0 ,76 ,0 ,0 ,0 ,0 ,0 ,6 ,20 ,0 ,0 ,0 ,0 ,0 ,1 ,0 ,0 ,0 ,-8 ,0 ,1
81 ,0 ,12 ,0 ,20 ,0 ,0 ,0 ,-7 ,7 ,822 ,4 ,36 ,0 ,0 ,0 ,0 ,0 ,0 ,0 ,2 ,0 ,1
6490 ,171 ,7 ,0 ,0 ,0 ,0 ,0 ,0 ,7 ,0 ,0 ,297 ,0 ,0 ,0 ,10 ,0 ,0 ,0 ,0 ,50 ,1
83 ,215 ,0 ,5460 ,0 ,0 ,0 ,0 ,469 ,7 ,43 ,0 ,13 ,0 ,0 ,0 ,10 ,0 ,0 ,0 ,0 ,0 ,1
80 ,0 ,0 ,866090 ,0 ,0 ,0 ,0 ,0 ,7 ,0 ,0 ,53 ,-6 ,0 ,0 ,1 ,96 ,0 ,0 ,2 ,0 ,1
879060 ,0 ,5 ,0 ,0 ,0 ,4 ,0 ,0 ,7 ,2612 ,0 ,25 ,0 ,0 ,0 ,39 ,0 ,0 ,0 ,4 ,0 ,1
6660 ,155 ,0 ,78 ,0 ,0 ,0 ,0 ,0 ,0 ,19 ,0 ,42 ,0 ,0 ,0 ,0 ,-8 ,0 ,0 ,0 ,0 ,1
85 ,0 ,0 ,5416 ,0 ,0 ,0 ,0 ,5 ,6 ,0 ,0 ,0 ,0 ,0 ,0 ,0 ,-8 ,0 ,0 ,0 ,0 ,1
75 ,0 ,0 ,636090 ,0 ,0 ,0 ,0 ,0 ,6 ,0 ,0 ,23 ,0 ,0 ,0 ,0 ,69 ,0 ,0 ,0 ,0 ,1
0 ,167 ,479 ,0 ,0 ,0 ,0 ,0 ,0 ,7 ,0 ,0 ,0 ,0 ,0 ,9 ,3 ,0 ,0 ,0 ,1 ,29 ,1
8760 ,160 ,0 ,75 ,0 ,0 ,0 ,0 ,-8 ,0 ,0 ,0 ,22 ,0 ,0 ,1 ,43 ,0 ,0 ,0 ,0 ,0 ,1
65 ,208 ,0 ,0 ,0 ,0 ,1 ,0 ,0 ,0 ,0 ,0 ,27 ,0 ,3 ,0 ,47 ,0 ,0 ,0 ,0 ,0 ,1
0 ,187 ,2 ,9260 ,0 ,0 ,0 ,0 ,0 ,7 ,0 ,0 ,0 ,0 ,0 ,0 ,6 ,0 ,0 ,0 ,2 ,389 ,1
55 ,0 ,0 ,0 ,0 ,0 ,0 ,0 ,582 ,0 ,19 ,0 ,16 ,0 ,0 ,0 ,0 ,0 ,0 ,0 ,2 ,0 ,1
0 ,0 ,3 ,54 ,0 ,0 ,536 ,0 ,0 ,7 ,178 ,0 ,29 ,0 ,0 ,0 ,0 ,0 ,0 ,3 ,2 ,0 ,1
746700 ,159 ,0 ,6160 ,0 ,2 ,0 ,0 ,0 ,7 ,0 ,0 ,25 ,0 ,0 ,0 ,9 ,0 ,0 ,0 ,0 ,0 ,1
79 ,0 ,0 ,866090 ,0 ,0 ,0 ,0 ,0 ,7 ,0 ,0 ,0 ,0 ,0 ,0 ,1 ,0 ,0 ,0 ,0 ,0 ,1
68 ,242 ,621 ,8790 ,22 ,0 ,0 ,0 ,0 ,0 ,1847 ,0 ,25 ,0 ,0 ,0 ,9 ,0 ,0 ,0 ,0 ,0 ,1
6090 ,0 ,1 ,93 ,0 ,0 ,0 ,0 ,0 ,6 ,31 ,0 ,54 ,0 ,0 ,0 ,59 ,0 ,5 ,0 ,0 ,0 ,1
74 ,0 ,6 ,7660 ,37 ,0 ,0 ,0 ,0 ,6 ,18 ,0 ,53 ,0 ,0 ,0 ,4 ,0 ,0 ,0 ,0 ,100 ,1
67 ,0 ,0 ,897 ,0 ,0 ,0 ,0 ,14 ,0 ,21 ,0 ,36 ,0 ,0 ,0 ,0 ,0 ,0 ,0 ,0 ,0 ,1
74 ,199 ,0 ,0 ,0 ,0 ,0 ,0 ,0 ,7 ,0 ,0 ,50 ,0 ,1 ,0 ,0 ,78 ,0 ,0 ,2 ,0 ,1
88 ,0 ,0 ,58 ,0 ,0 ,0 ,0 ,0 ,0 ,0 ,0 ,0 ,0 ,0 ,0 ,0 ,-8 ,5 ,0 ,0 ,0 ,1
6260 ,0 ,0 ,98 ,0 ,0 ,0 ,0 ,0 ,7 ,0 ,0 ,0 ,0 ,0 ,0 ,0 ,64 ,0 ,0 ,2 ,0 ,1
59 ,0 ,0 ,88 ,0 ,1 ,0 ,100 ,0 ,7 ,45 ,0 ,0 ,0 ,0 ,0 ,0 ,0 ,0 ,0 ,0 ,0 ,1
0 ,0 ,0 ,6790 ,0 ,0 ,0 ,0 ,0 ,6 ,0 ,0 ,0 ,-8 ,0 ,0 ,6 ,0 ,0 ,2 ,4 ,0 ,1
85 ,0 ,1 ,98 ,0 ,0 ,0 ,0 ,0 ,7 ,30 ,0 ,24 ,0 ,0 ,0 ,0 ,0 ,0 ,0 ,0 ,0 ,1
6690 ,202 ,0 ,103 ,0 ,0 ,0 ,0 ,0 ,0 ,1811 ,0 ,45 ,0 ,0 ,0 ,464 ,0 ,0 ,0 ,0 ,0 ,1
85 ,0 ,0 ,6660 ,0 ,0 ,0 ,0 ,0 ,0 ,28 ,0 ,0 ,0 ,0 ,0 ,0 ,-8 ,3 ,2 ,0 ,0 ,1
0 ,0 ,0 ,6412 ,0 ,0 ,0 ,0 ,0 ,6 ,0 ,0 ,35 ,0 ,0 ,0 ,2 ,0 ,0 ,0 ,0 ,0 ,1
6260 ,137 ,0 ,0 ,0 ,0 ,0 ,0 ,0 ,7 ,0 ,0 ,38 ,0 ,0 ,0 ,13 ,0 ,0 ,0 ,2 ,0 ,1
83 ,0 ,0 ,56 ,0 ,0 ,0 ,0 ,0 ,77 ,3 ,0 ,12 ,-8 ,0 ,0 ,14 ,0 ,0 ,0 ,0 ,0 ,1
689060 ,0 ,2 ,90 ,0 ,0 ,0 ,0 ,17 ,6 ,26 ,0 ,0 ,0 ,0 ,0 ,18 ,0 ,1 ,0 ,4 ,67 ,1
6960 ,0 ,3 ,81 ,0 ,0 ,0 ,0 ,0 ,0 ,28 ,0 ,45 ,0 ,0 ,0 ,23 ,0 ,0 ,4 ,0 ,0 ,1
6560 ,0 ,13 ,0 ,0 ,0 ,0 ,0 ,-7 ,6 ,44260 ,0 ,0 ,0 ,0 ,0 ,0 ,0 ,0 ,0 ,3 ,0 ,1
61 ,0 ,0 ,57 ,0 ,0 ,3 ,0 ,0 ,0 ,0 ,0 ,3300 ,0 ,0 ,0 ,16 ,73 ,0 ,0 ,1 ,0 ,1
6860 ,-8 ,0 ,66 ,0 ,0 ,0 ,0 ,0 ,4 ,0 ,1 ,388 ,0 ,0 ,0 ,54 ,87 ,0 ,0 ,0 ,0 ,1
75 ,0 ,0 ,0 ,711 ,0 ,0 ,0 ,0 ,6 ,0 ,0 ,0 ,0 ,0 ,0 ,2 ,0 ,5 ,0 ,0 ,0 ,1
64 ,0 ,0 ,86 ,0 ,0 ,0 ,0 ,0 ,6 ,0 ,0 ,17 ,0 ,1 ,0 ,1 ,0 ,0 ,0 ,0 ,82 ,1
0 ,183 ,2 ,51 ,0 ,0 ,0 ,0 ,0 ,6 ,0 ,0 ,20 ,0 ,0 ,3 ,12 ,0 ,0 ,0 ,-7 ,0 ,1
77 ,0 ,0 ,71 ,0 ,0 ,0 ,0 ,0 ,0 ,10 ,0 ,0 ,0 ,0 ,0 ,5 ,0 ,0 ,1 ,1 ,0 ,1
0 ,0 ,5 ,81 ,0 ,0 ,0 ,0 ,0 ,0 ,58 ,0 ,25 ,0 ,2 ,0 ,20 ,0 ,0 ,0 ,0 ,88 ,1
78 ,0 ,1 ,84 ,0 ,0 ,0 ,0 ,0 ,6 ,34 ,0 ,0 ,0 ,0 ,0 ,0 ,70 ,2 ,0 ,0 ,0 ,1
78 ,0 ,562 ,59446090 ,0 ,0 ,0 ,0 ,0 ,6 ,0 ,0 ,15 ,0 ,2 ,0 ,0 ,-8 ,2 ,0 ,0 ,0 ,1
